"ID задачи","Проект","Теги","Заголовок","Заявитель","Создана","Обновлена","Завершенная","Приоритет","Тип","Состояние","Исполнитель","Подсистема","Версии исправления","Затронутые версии","Исправлено в сборке","Описание","Голоса"
"12V-68","Наталья Соловьева, 12 поток, Venus","Звезда,Sprint7","При PUT запросе добавления продуктов в корзину  с некорректным типом данных в списке продуктов productsList приходит ответ 500","root","3 Oct 2023 13:02","3 Oct 2023 13:23",,"Обычная","Ошибка","Зарегистрирована","Нет исполнителя","Нет подсистемы","Нет версии исправления","Неизвестно","Следующая сборка","Окружение: адрес сервера \<<https://62110dc2-a988-443c-a5d5-00011679112d.serverhub.praktikum-services.ru>\>

Шаги воспроизведения:

Отправить PUT запрос существующей корзины /api/v1/orders/2

В теле запроса указать:

{

&nbsp;&nbsp;&nbsp;&nbsp;""productsList"": ""ФФ""

}

ОР:  Серая зона

ФР: 500 Inernal Server Error","0"
"12V-67","Наталья Соловьева, 12 поток, Venus","Звезда,Sprint7","При PUT запросе добавления продуктов в корзину без параметра quantity в списке продуктов productsList приходит ответ 200 OK","root","3 Oct 2023 12:47","3 Oct 2023 13:21",,"Обычная","Ошибка","Зарегистрирована","Нет исполнителя","Нет подсистемы","Нет версии исправления","Неизвестно","Следующая сборка","Окружение: адрес сервера <https://62110dc2-a988-443c-a5d5-00011679112d.serverhub.praktikum-services.ru>

Шаги воспроизведения:

Отправить PUT запрос существующей корзины /api/v1/orders/2

В теле указать:

{

&nbsp;&nbsp;&nbsp;&nbsp;""productsList"": [

&nbsp;&nbsp;&nbsp;&nbsp;&nbsp;&nbsp;&nbsp;&nbsp;{

&nbsp;&nbsp;&nbsp;&nbsp;&nbsp;&nbsp;&nbsp;&nbsp;&nbsp;&nbsp;&nbsp;&nbsp;""id"": 1

&nbsp;&nbsp;&nbsp;&nbsp;&nbsp;&nbsp;&nbsp;&nbsp;},

&nbsp;&nbsp;&nbsp;&nbsp;&nbsp;&nbsp;&nbsp;&nbsp;{

&nbsp;&nbsp;&nbsp;&nbsp;&nbsp;&nbsp;&nbsp;&nbsp;&nbsp;&nbsp;&nbsp;&nbsp;""id"": 5

&nbsp;&nbsp;&nbsp;&nbsp;&nbsp;&nbsp;&nbsp;&nbsp;},

&nbsp;&nbsp;&nbsp;&nbsp;&nbsp;&nbsp;&nbsp;&nbsp;{

&nbsp;&nbsp;&nbsp;&nbsp;&nbsp;&nbsp;&nbsp;&nbsp;&nbsp;&nbsp;&nbsp;&nbsp;""id"": 4

&nbsp;&nbsp;&nbsp;&nbsp;&nbsp;&nbsp;&nbsp;&nbsp;}

&nbsp;&nbsp;&nbsp;&nbsp;]

}

ОР:  Серая зона

ФР: 200 OK

{

&nbsp;&nbsp;&nbsp;&nbsp;""id"": 1,

&nbsp;&nbsp;&nbsp;&nbsp;""userId"": **null**,

&nbsp;&nbsp;&nbsp;&nbsp;""deliveryPrice"": 0,

&nbsp;&nbsp;&nbsp;&nbsp;""deliveryPriceOur"": 33,

&nbsp;&nbsp;&nbsp;&nbsp;""deliveryTime"": ""20\~25"",

&nbsp;&nbsp;&nbsp;&nbsp;""wareHouse"": ""Чердак"",

&nbsp;&nbsp;&nbsp;&nbsp;""courierService"": ""На метле уюта"",

&nbsp;&nbsp;&nbsp;&nbsp;""status"": 0,

&nbsp;&nbsp;&nbsp;&nbsp;""productsList"": [

&nbsp;&nbsp;&nbsp;&nbsp;&nbsp;&nbsp;&nbsp;&nbsp;{

&nbsp;&nbsp;&nbsp;&nbsp;&nbsp;&nbsp;&nbsp;&nbsp;&nbsp;&nbsp;&nbsp;&nbsp;""id"": 1,

&nbsp;&nbsp;&nbsp;&nbsp;&nbsp;&nbsp;&nbsp;&nbsp;&nbsp;&nbsp;&nbsp;&nbsp;""quantity"": ""1аundefined""

&nbsp;&nbsp;&nbsp;&nbsp;&nbsp;&nbsp;&nbsp;&nbsp;},

&nbsp;&nbsp;&nbsp;&nbsp;&nbsp;&nbsp;&nbsp;&nbsp;{

&nbsp;&nbsp;&nbsp;&nbsp;&nbsp;&nbsp;&nbsp;&nbsp;&nbsp;&nbsp;&nbsp;&nbsp;""id"": 5,

&nbsp;&nbsp;&nbsp;&nbsp;&nbsp;&nbsp;&nbsp;&nbsp;&nbsp;&nbsp;&nbsp;&nbsp;""quantity"": ""1аundefined""

&nbsp;&nbsp;&nbsp;&nbsp;&nbsp;&nbsp;&nbsp;&nbsp;},

&nbsp;&nbsp;&nbsp;&nbsp;&nbsp;&nbsp;&nbsp;&nbsp;{

&nbsp;&nbsp;&nbsp;&nbsp;&nbsp;&nbsp;&nbsp;&nbsp;&nbsp;&nbsp;&nbsp;&nbsp;""id"": 3,

&nbsp;&nbsp;&nbsp;&nbsp;&nbsp;&nbsp;&nbsp;&nbsp;&nbsp;&nbsp;&nbsp;&nbsp;""quantity"": 1

&nbsp;&nbsp;&nbsp;&nbsp;&nbsp;&nbsp;&nbsp;&nbsp;},

&nbsp;&nbsp;&nbsp;&nbsp;&nbsp;&nbsp;&nbsp;&nbsp;{

&nbsp;&nbsp;&nbsp;&nbsp;&nbsp;&nbsp;&nbsp;&nbsp;&nbsp;&nbsp;&nbsp;&nbsp;""id"": 4,

&nbsp;&nbsp;&nbsp;&nbsp;&nbsp;&nbsp;&nbsp;&nbsp;&nbsp;&nbsp;&nbsp;&nbsp;""quantity"": ""1аundefined""

&nbsp;&nbsp;&nbsp;&nbsp;&nbsp;&nbsp;&nbsp;&nbsp;}

&nbsp;&nbsp;&nbsp;&nbsp;],

&nbsp;&nbsp;&nbsp;&nbsp;""productsCost"": 0,

&nbsp;&nbsp;&nbsp;&nbsp;""finalCost"": 99

}","0"
"12V-66","Наталья Соловьева, 12 поток, Venus","Звезда,Sprint7","При запросе корзины /api/v1/orders/2 с несуществующим authToken приходит ответ 200 OK","root","3 Oct 2023 12:27","3 Oct 2023 12:38",,"Обычная","Ошибка","Зарегистрирована","Нет исполнителя","Нет подсистемы","Нет версии исправления","Неизвестно","Следующая сборка","**Окружение:** адрес сервера <https://62110dc2-a988-443c-a5d5-00011679112d.serverhub.praktikum-services.ru>

**Шаги воспроизведения:**

Отправить GET запрос существующей корзины /api/v1/orders/2

В заголовке указать не существующий authToken:

{ ""Authorization"": Bearer jknnFApafP4a }

**ОР:** 401 Unauthorized 

{ ""code"": 401, ""message"": ""Unauthorized"", }

**ФР:** 200 OK

[

&nbsp;&nbsp;&nbsp;&nbsp;{

&nbsp;&nbsp;&nbsp;&nbsp;&nbsp;&nbsp;&nbsp;&nbsp;""id"": 1,

&nbsp;&nbsp;&nbsp;&nbsp;&nbsp;&nbsp;&nbsp;&nbsp;""name"": ""Сок Jumex апельсин без сахара"",

&nbsp;&nbsp;&nbsp;&nbsp;&nbsp;&nbsp;&nbsp;&nbsp;""price"": 149,

&nbsp;&nbsp;&nbsp;&nbsp;&nbsp;&nbsp;&nbsp;&nbsp;""weight"": 473,

&nbsp;&nbsp;&nbsp;&nbsp;&nbsp;&nbsp;&nbsp;&nbsp;""units"": ""мл"",

&nbsp;&nbsp;&nbsp;&nbsp;&nbsp;&nbsp;&nbsp;&nbsp;""quantity"": 1

&nbsp;&nbsp;&nbsp;&nbsp;},

&nbsp;&nbsp;&nbsp;&nbsp;{

&nbsp;&nbsp;&nbsp;&nbsp;&nbsp;&nbsp;&nbsp;&nbsp;""id"": 3,

&nbsp;&nbsp;&nbsp;&nbsp;&nbsp;&nbsp;&nbsp;&nbsp;""name"": ""Газированный напиток Pepsi"",

&nbsp;&nbsp;&nbsp;&nbsp;&nbsp;&nbsp;&nbsp;&nbsp;""price"": 109,

&nbsp;&nbsp;&nbsp;&nbsp;&nbsp;&nbsp;&nbsp;&nbsp;""weight"": 1,

&nbsp;&nbsp;&nbsp;&nbsp;&nbsp;&nbsp;&nbsp;&nbsp;""units"": ""л"",

&nbsp;&nbsp;&nbsp;&nbsp;&nbsp;&nbsp;&nbsp;&nbsp;""quantity"": 1

&nbsp;&nbsp;&nbsp;&nbsp;},

&nbsp;&nbsp;&nbsp;&nbsp;{

&nbsp;&nbsp;&nbsp;&nbsp;&nbsp;&nbsp;&nbsp;&nbsp;""id"": 4,

&nbsp;&nbsp;&nbsp;&nbsp;&nbsp;&nbsp;&nbsp;&nbsp;""name"": ""Sprite классический"",

&nbsp;&nbsp;&nbsp;&nbsp;&nbsp;&nbsp;&nbsp;&nbsp;""price"": 79,

&nbsp;&nbsp;&nbsp;&nbsp;&nbsp;&nbsp;&nbsp;&nbsp;""weight"": 900,

&nbsp;&nbsp;&nbsp;&nbsp;&nbsp;&nbsp;&nbsp;&nbsp;""units"": ""мл"",

&nbsp;&nbsp;&nbsp;&nbsp;&nbsp;&nbsp;&nbsp;&nbsp;""quantity"": 1

&nbsp;&nbsp;&nbsp;&nbsp;},

&nbsp;&nbsp;&nbsp;&nbsp;{

&nbsp;&nbsp;&nbsp;&nbsp;&nbsp;&nbsp;&nbsp;&nbsp;""id"": 5,

&nbsp;&nbsp;&nbsp;&nbsp;&nbsp;&nbsp;&nbsp;&nbsp;""name"": ""Сок Rich яблоко-киви-шпинат"",

&nbsp;&nbsp;&nbsp;&nbsp;&nbsp;&nbsp;&nbsp;&nbsp;""price"": 349,

&nbsp;&nbsp;&nbsp;&nbsp;&nbsp;&nbsp;&nbsp;&nbsp;""weight"": 900,

&nbsp;&nbsp;&nbsp;&nbsp;&nbsp;&nbsp;&nbsp;&nbsp;""units"": ""мл"",

&nbsp;&nbsp;&nbsp;&nbsp;&nbsp;&nbsp;&nbsp;&nbsp;""quantity"": 1

&nbsp;&nbsp;&nbsp;&nbsp;}

]","0"
"12V-60","Наталья Соловьева, 12 поток, Venus","Звезда,Sprint7","При отправке параметра deliveryTime больше допустимого, включая минуты, в запросе на доставку ""Привезем быстро"" /fast-delivery/v3.1.1/calculate-delivery.xml приходит ответ 200 OK, isItPossibleToDeliver=""true""","root","28 Sep 2023 22:53","3 Oct 2023 07:41",,"Обычная","Ошибка","Зарегистрирована","Нет исполнителя","Нет подсистемы","Нет версии исправления","Неизвестно","Следующая сборка","**Окружение:** адрес сервера \<<https://8112b454-03e0-458d-b557-df4a3602a59e.serverhub.praktikum-services.ru>\>

**Шаги воспроизведения:**

Отправить POST запрос на доставку ""Привезем быстро"" /fast-delivery/v3.1.1/calculate-delivery.xml

В теле указать:

\<InputModel\>

&nbsp;&nbsp;&nbsp;&nbsp;\<productsCount\>0\</productsCount\>

&nbsp;&nbsp;&nbsp;&nbsp;\<productsWeight\>1\</productsWeight\>

&nbsp;&nbsp;&nbsp;&nbsp;\<deliveryTime\>21:01\</deliveryTime\>

\</InputModel\>

**ОР:** Код и статус ответа 200 OK \<response name=""Привезём быстро"" isItPossibleToDeliver=""false""\>

**ФР:** 200 OK

\<response name=""Привезём быстро"" isItPossibleToDeliver=""true"" hostDeliveryCost=""23"" clientDeliveryCost=""0""\>

&nbsp;&nbsp;&nbsp;&nbsp;\<toBeDeliveredTime\>

&nbsp;&nbsp;&nbsp;&nbsp;&nbsp;&nbsp;&nbsp;&nbsp;\<min\>25\</min\>

&nbsp;&nbsp;&nbsp;&nbsp;&nbsp;&nbsp;&nbsp;&nbsp;\<max\>30\</max\>

&nbsp;&nbsp;&nbsp;&nbsp;\</toBeDeliveredTime\>

\</response\>","0"
"12V-65","Наталья Соловьева, 12 поток, Venus","Звезда,Sprint7","При отправке запроса на удаление корзины /api/v1/orders/4 приходит ответ 404 Not Found","root","28 Sep 2023 23:25","28 Sep 2023 23:37",,"Обычная","Ошибка","Зарегистрирована","Нет исполнителя","Нет подсистемы","Нет версии исправления","Неизвестно","Следующая сборка","**Окружение:** адрес сервера <https://8112b454-03e0-458d-b557-df4a3602a59e.serverhub.praktikum-services.ru>

**Шаги воспроизведения:**

1. Отправить POST запрос на создание корзины /api/v1/orders

В теле указать:

{

&nbsp;&nbsp;&nbsp;&nbsp;""productsList"": [

&nbsp;&nbsp;&nbsp;&nbsp;&nbsp;&nbsp;&nbsp;&nbsp;{

&nbsp;&nbsp;&nbsp;&nbsp;&nbsp;&nbsp;&nbsp;&nbsp;&nbsp;&nbsp;&nbsp;&nbsp;""id"": 1,

&nbsp;&nbsp;&nbsp;&nbsp;&nbsp;&nbsp;&nbsp;&nbsp;&nbsp;&nbsp;&nbsp;&nbsp;""quantity"": 1

&nbsp;&nbsp;&nbsp;&nbsp;&nbsp;&nbsp;&nbsp;&nbsp;},

&nbsp;&nbsp;&nbsp;&nbsp;&nbsp;&nbsp;&nbsp;&nbsp;{

&nbsp;&nbsp;&nbsp;&nbsp;&nbsp;&nbsp;&nbsp;&nbsp;&nbsp;&nbsp;&nbsp;&nbsp;""id"": 5,

&nbsp;&nbsp;&nbsp;&nbsp;&nbsp;&nbsp;&nbsp;&nbsp;&nbsp;&nbsp;&nbsp;&nbsp;""quantity"": 1

&nbsp;&nbsp;&nbsp;&nbsp;&nbsp;&nbsp;&nbsp;&nbsp;},

&nbsp;&nbsp;&nbsp;&nbsp;&nbsp;&nbsp;&nbsp;&nbsp;{

&nbsp;&nbsp;&nbsp;&nbsp;&nbsp;&nbsp;&nbsp;&nbsp;&nbsp;&nbsp;&nbsp;&nbsp;""id"": 3,

&nbsp;&nbsp;&nbsp;&nbsp;&nbsp;&nbsp;&nbsp;&nbsp;&nbsp;&nbsp;&nbsp;&nbsp;""quantity"": 1

&nbsp;&nbsp;&nbsp;&nbsp;&nbsp;&nbsp;&nbsp;&nbsp;},

&nbsp;&nbsp;&nbsp;&nbsp;&nbsp;&nbsp;&nbsp;&nbsp;{

&nbsp;&nbsp;&nbsp;&nbsp;&nbsp;&nbsp;&nbsp;&nbsp;&nbsp;&nbsp;&nbsp;&nbsp;""id"": 4,

&nbsp;&nbsp;&nbsp;&nbsp;&nbsp;&nbsp;&nbsp;&nbsp;&nbsp;&nbsp;&nbsp;&nbsp;""quantity"": 1

&nbsp;&nbsp;&nbsp;&nbsp;&nbsp;&nbsp;&nbsp;&nbsp;}

&nbsp;&nbsp;&nbsp;&nbsp;]

}

2\. Отправить GET запрос для проверки создания корзины /api/v1/orders/4

ОР: 200 OK 

3\. Отправить DELETE запрос на удаление корзины /api/v1/orders/4



**ОР:** Код и статус ответа 200 OK

**ФР:**404 Not Found

{

&nbsp;&nbsp;&nbsp;&nbsp;""code"": 404,

&nbsp;&nbsp;&nbsp;&nbsp;""message"": ""Корзина с id=4 не найдена""

}","0"
"12V-64","Наталья Соловьева, 12 поток, Venus","Звезда,Sprint7","При отправке запроса параметра deliveryTime другог типа на доставку ""Привезем быстро"" /fast-delivery/v3.1.1/calculate-delivery.xml приходит ответ 200 OK","root","28 Sep 2023 23:16","28 Sep 2023 23:19",,"Обычная","Ошибка","Зарегистрирована","Нет исполнителя","Нет подсистемы","Нет версии исправления","Неизвестно","Следующая сборка","**Окружение:** адрес сервера \<<https://8112b454-03e0-458d-b557-df4a3602a59e.serverhub.praktikum-services.ru>\>

**Шаги воспроизведения:**

Отправить POST запрос на доставку ""Привезем быстро"" /fast-delivery/v3.1.1/calculate-delivery.xml

В теле указать:

\<InputModel\>

&nbsp;&nbsp;&nbsp;&nbsp;\<productsCount\>0\</productsCount\>

&nbsp;&nbsp;&nbsp;&nbsp;\<productsWeight\>1\</productsWeight\>

&nbsp;&nbsp;&nbsp;&nbsp;\<deliveryTime\>АА\</deliveryTime\>

\</InputModel\>

**ОР:** Код и статус ответа 400 Bad Request

**ФР:** 200 OK

\<response name=""Привезём быстро"" isItPossibleToDeliver=""true"" hostDeliveryCost=""23"" clientDeliveryCost=""0""\>

&nbsp;&nbsp;&nbsp;&nbsp;\<toBeDeliveredTime\>

&nbsp;&nbsp;&nbsp;&nbsp;&nbsp;&nbsp;&nbsp;&nbsp;\<min\>25\</min\>

&nbsp;&nbsp;&nbsp;&nbsp;&nbsp;&nbsp;&nbsp;&nbsp;\<max\>30\</max\>

&nbsp;&nbsp;&nbsp;&nbsp;\</toBeDeliveredTime\>

\</response\>","0"
"12V-63","Наталья Соловьева, 12 поток, Venus","Звезда,Sprint7","При отправке запроса с отрицательным параметром deliveryTime на доставку ""Привезем быстро"" /fast-delivery/v3.1.1/calculate-delivery.xml приходит ответ 200 OK","root","28 Sep 2023 23:10","28 Sep 2023 23:14",,"Обычная","Ошибка","Зарегистрирована","Нет исполнителя","Нет подсистемы","Нет версии исправления","Неизвестно","Следующая сборка","**Окружение:** адрес сервера <https://8112b454-03e0-458d-b557-df4a3602a59e.serverhub.praktikum-services.ru>

**Шаги воспроизведения:**

Отправить POST запрос на доставку ""Привезем быстро"" /fast-delivery/v3.1.1/calculate-delivery.xml

В теле указать:

\<InputModel\>

&nbsp;&nbsp;&nbsp;&nbsp;\<productsCount\>0\</productsCount\>

&nbsp;&nbsp;&nbsp;&nbsp;\<productsWeight\>1\</productsWeight\>

&nbsp;&nbsp;&nbsp;&nbsp;\<deliveryTime\>-1\</deliveryTime\>

\</InputModel\>

**ОР:** Код и статус ответа 400 Bad Request

**ФР:** 200 OK

\<response name=""Привезём быстро""/\>","0"
"12V-62","Наталья Соловьева, 12 поток, Venus","Звезда,Sprint7","При отправке запроса без параметра deliveryTime на доставку ""Привезем быстро"" /fast-delivery/v3.1.1/calculate-delivery.xml приходит ответ 200 OK","root","28 Sep 2023 23:04","28 Sep 2023 23:08",,"Обычная","Ошибка","Зарегистрирована","Нет исполнителя","Нет подсистемы","Нет версии исправления","Неизвестно","Следующая сборка","**Окружение:** адрес сервера \<<https://8112b454-03e0-458d-b557-df4a3602a59e.serverhub.praktikum-services.ru>\>

**Шаги воспроизведения:**

Отправить POST запрос на доставку ""Привезем быстро"" /fast-delivery/v3.1.1/calculate-delivery.xml

В теле указать:

\<InputModel\>

&nbsp;&nbsp;&nbsp;&nbsp;\<productsCount\>0\</productsCount\>

&nbsp;&nbsp;&nbsp;&nbsp;\<productsWeight\>1\</productsWeight\>

&nbsp;&nbsp;&nbsp;&nbsp;

\</InputModel\>

**ОР:** Код и статус ответа 400 Bad Request

**ФР:** 500 Internal Server Error

{

&nbsp;&nbsp;&nbsp;&nbsp;""code"": 500,

&nbsp;&nbsp;&nbsp;&nbsp;""message"": ""Cannot read property '0' of undefined""

}","0"
"12V-61","Наталья Соловьева, 12 поток, Venus","Звезда,Sprint7","При отправке пустого параметра deliveryTime на доставку ""Привезем быстро"" /fast-delivery/v3.1.1/calculate-delivery.xml приходит ответ 200 OK","root","28 Sep 2023 22:59","28 Sep 2023 23:02",,"Обычная","Ошибка","Зарегистрирована","Нет исполнителя","Нет подсистемы","Нет версии исправления","Неизвестно","Следующая сборка","**Окружение:** адрес сервера <https://8112b454-03e0-458d-b557-df4a3602a59e.serverhub.praktikum-services.ru>

**Шаги воспроизведения:**

Отправить POST запрос на доставку ""Привезем быстро"" /fast-delivery/v3.1.1/calculate-delivery.xml

В теле указать:

\<InputModel\>

&nbsp;&nbsp;&nbsp;&nbsp;\<productsCount\>0\</productsCount\>

&nbsp;&nbsp;&nbsp;&nbsp;\<productsWeight\>1\</productsWeight\>

&nbsp;&nbsp;&nbsp;&nbsp;\<deliveryTime\>\</deliveryTime\>

\</InputModel\>

**ОР:** Код и статус ответа 400 Bad Request

**ФР:** 200 OK

\<response name=""Привезём быстро"" isItPossibleToDeliver=""true"" hostDeliveryCost=""23"" clientDeliveryCost=""0""\>

&nbsp;&nbsp;&nbsp;&nbsp;\<toBeDeliveredTime\>

&nbsp;&nbsp;&nbsp;&nbsp;&nbsp;&nbsp;&nbsp;&nbsp;\<min\>25\</min\>

&nbsp;&nbsp;&nbsp;&nbsp;&nbsp;&nbsp;&nbsp;&nbsp;\<max\>30\</max\>

&nbsp;&nbsp;&nbsp;&nbsp;\</toBeDeliveredTime\>

\</response\>","0"
"12V-59","Наталья Соловьева, 12 поток, Venus","Звезда,Sprint7","При отправке параметра deliveryTime меньше допустимого, включая минуты, в запросе на доставку ""Привезем быстро"" /fast-delivery/v3.1.1/calculate-delivery.xml приходит ответ 200 OK","root","28 Sep 2023 22:49","28 Sep 2023 22:52",,"Обычная","Ошибка","Зарегистрирована","Нет исполнителя","Нет подсистемы","Нет версии исправления","Неизвестно","Следующая сборка","**Окружение:** адрес сервера <https://8112b454-03e0-458d-b557-df4a3602a59e.serverhub.praktikum-services.ru>

**Шаги воспроизведения:**

Отправить POST запрос на доставку ""Привезем быстро"" /fast-delivery/v3.1.1/calculate-delivery.xml

В теле указать:

\<InputModel\>

&nbsp;&nbsp;&nbsp;&nbsp;\<productsCount\>0\</productsCount\>

&nbsp;&nbsp;&nbsp;&nbsp;\<productsWeight\>1\</productsWeight\>

&nbsp;&nbsp;&nbsp;&nbsp;\<deliveryTime\>6:59\</deliveryTime\>

\</InputModel\>

**ОР:** Код и статус ответа 400 Bad Request

**ФР:** 200 OK

\<response name=""Привезём быстро""/\>","0"
"12V-57","Наталья Соловьева, 12 поток, Venus","Звезда,Sprint7","При отправке параметра deliveryTime меньше допустимого в запросе на доставку ""Привезем быстро"" /fast-delivery/v3.1.1/calculate-delivery.xml приходит ответ 200 OK","root","28 Sep 2023 22:37","28 Sep 2023 22:48",,"Обычная","Ошибка","Зарегистрирована","Нет исполнителя","Нет подсистемы","Нет версии исправления","Неизвестно","Следующая сборка","**Окружение:** адрес сервера <https://8112b454-03e0-458d-b557-df4a3602a59e.serverhub.praktikum-services.ru>

**Шаги воспроизведения:**

Отправить POST запрос на доставку ""Привезем быстро"" /fast-delivery/v3.1.1/calculate-delivery.xml

В теле указать:

\<InputModel\>

&nbsp;&nbsp;&nbsp;&nbsp;\<productsCount\>0\</productsCount\>

&nbsp;&nbsp;&nbsp;&nbsp;\<productsWeight\>1\</productsWeight\>

&nbsp;&nbsp;&nbsp;&nbsp;\<deliveryTime\>6\</deliveryTime\>

\</InputModel\>

**ОР:** Код и статус ответа 400 Bad Request

**ФР:** 200 OK

\<response name=""Привезём быстро""/\>","0"
"12V-58","Наталья Соловьева, 12 поток, Venus","Звезда,Sprint7","При отправке параметра deliveryTime больше допустимого в запросе на доставку ""Привезем быстро"" /fast-delivery/v3.1.1/calculate-delivery.xml приходит ответ 200 OK","root","28 Sep 2023 22:41","28 Sep 2023 22:46",,"Обычная","Ошибка","Зарегистрирована","Нет исполнителя","Нет подсистемы","Нет версии исправления","Неизвестно","Следующая сборка","**Окружение:** адрес сервера <https://8112b454-03e0-458d-b557-df4a3602a59e.serverhub.praktikum-services.ru>

**Шаги воспроизведения:**

Отправить POST запрос на доставку ""Привезем быстро"" /fast-delivery/v3.1.1/calculate-delivery.xml

В теле указать:

\<InputModel\>

&nbsp;&nbsp;&nbsp;&nbsp;\<productsCount\>0\</productsCount\>

&nbsp;&nbsp;&nbsp;&nbsp;\<productsWeight\>1\</productsWeight\>

&nbsp;&nbsp;&nbsp;&nbsp;\<deliveryTime\>22\</deliveryTime\>

\</InputModel\>

**ОР:** Код и статус ответа 400 Bad Request

**ФР:** 200 OK

\<response name=""Привезём быстро""/\>","0"
"12V-56","Наталья Соловьева, 12 поток, Venus","Звезда,Sprint7","При отправке запроса без параметра productsWeight на доставку ""Привезем быстро"" /fast-delivery/v3.1.1/calculate-delivery.xml приходит ответ 500 Inernal Server Error","root","28 Sep 2023 22:29","28 Sep 2023 22:32",,"Обычная","Ошибка","Зарегистрирована","Нет исполнителя","Нет подсистемы","Нет версии исправления","Неизвестно","Следующая сборка","**Окружение:** адрес стенда <https://50fbd201-907a-4407-aa50-78ddf5ce7380.serverhub.praktikum-services.ru>

**Шаги воспроизведения:**

Отправить POST запрос на доставку ""Привезем быстро"" /fast-delivery/v3.1.1/calculate-delivery.xml

В теле указать:

\<InputModel\>

&nbsp;&nbsp;&nbsp;&nbsp;\<productsCount\>8\</productsCount\>

&nbsp;&nbsp;&nbsp;&nbsp;

&nbsp;&nbsp;&nbsp;&nbsp;\<deliveryTime\>20\</deliveryTime\>

\</InputModel\>

**ОР:** Код и статус ответа 400 Bad Request

**ФР:** 500 Inernal Server Error

{

""code"": 500,

""message"": ""Cannot read property '0' of undefined""

}","0"
"12V-53","Наталья Соловьева, 12 поток, Venus","Звезда,Sprint7","При отправке запроса без параметра productsCount на доставку ""Привезем быстро"" /fast-delivery/v3.1.1/calculate-delivery.xml приходит ответ 500 Inernal Server Error","root","28 Sep 2023 21:49","28 Sep 2023 22:28",,"Обычная","Ошибка","Зарегистрирована","Нет исполнителя","Нет подсистемы","Нет версии исправления","Неизвестно","Следующая сборка","**Окружение:** адрес стенда https://50fbd201-907a-4407-aa50-78ddf5ce7380.serverhub.praktikum-services.ru

**Шаги воспроизведения:**

Отправить POST запрос на доставку ""Привезем быстро"" /fast-delivery/v3.1.1/calculate-delivery.xml

В теле указать:



```xml
<productsWeight>1</productsWeight>
<deliveryTime>20</deliveryTime>
```

**ОР:** Код и статус ответа 400 Bad Request

**ФР:** 500 Inernal Server Error

{
""code"": 500,
""message"": ""Cannot read property '0' of undefined""
}","0"
"12V-55","Наталья Соловьева, 12 поток, Venus","Звезда,Sprint7","При отправке параметра productsWeight другого типа в запросе на доставку ""Привезем быстро"" /fast-delivery/v3.1.1/calculate-delivery.xml приходит ответ 200 OK","root","28 Sep 2023 22:21","28 Sep 2023 22:25",,"Обычная","Ошибка","Зарегистрирована","Нет исполнителя","Нет подсистемы","Нет версии исправления","Неизвестно","Следующая сборка","**Окружение:** адрес сервера \\\<\<<https://8112b454-03e0-458d-b557-df4a3602a59e.serverhub.praktikum-services.ru>\>\\\>

**Шаги воспроизведения:**

Отправить POST запрос на доставку ""Привезем быстро"" /fast-delivery/v3.1.1/calculate-delivery.xml

В теле указать:

\<InputModel\>

&nbsp;&nbsp;&nbsp;&nbsp;\<productsCount\>8\</productsCount\>

&nbsp;&nbsp;&nbsp;&nbsp;\<productsWeight\>АА\</productsWeight\>

&nbsp;&nbsp;&nbsp;&nbsp;\<deliveryTime\>20\</deliveryTime\>

\</InputModel\>

**ОР:** Код и статус ответа 400 Bad Request

**ФР:** 200 OK

\<response name=""Привезём быстро"" isItPossibleToDeliver=""true"" hostDeliveryCost=""23"" clientDeliveryCost=""0""\>

&nbsp;&nbsp;&nbsp;&nbsp;\<toBeDeliveredTime\>

&nbsp;&nbsp;&nbsp;&nbsp;&nbsp;&nbsp;&nbsp;&nbsp;\<min\>25\</min\>

&nbsp;&nbsp;&nbsp;&nbsp;&nbsp;&nbsp;&nbsp;&nbsp;\<max\>30\</max\>

&nbsp;&nbsp;&nbsp;&nbsp;\</toBeDeliveredTime\>

\</response\>","0"
"12V-52","Наталья Соловьева, 12 поток, Venus","Звезда,Sprint7","При отправке параметра productsCount другого типа в запросе на доставку ""Привезем быстро"" /fast-delivery/v3.1.1/calculate-delivery.xml приходит ответ 200 OK","root","28 Sep 2023 21:44","28 Sep 2023 22:21",,"Обычная","Ошибка","Зарегистрирована","Нет исполнителя","Нет подсистемы","Нет версии исправления","Неизвестно","Следующая сборка","Окружение: адрес сервера \<<https://8112b454-03e0-458d-b557-df4a3602a59e.serverhub.praktikum-services.ru>\>

Шаги воспроизведения:

Отправить POST запрос на доставку ""Привезем быстро"" /fast-delivery/v3.1.1/calculate-delivery.xml

В теле указать:

\<InputModel\>

&nbsp;&nbsp;&nbsp;&nbsp;\<\>АА\</productsCount\>

&nbsp;&nbsp;&nbsp;&nbsp;\<productsWeight\>1\</productsWeight\>

&nbsp;&nbsp;&nbsp;&nbsp;\<deliveryTime\>20\</deliveryTime\>

\</InputModel\>

ОР: Код и статус ответа 400 Bad Request

ФР: 200 OK

\<response name=""Привезём быстро"" isItPossibleToDeliver=""true"" hostDeliveryCost=""23"" clientDeliveryCost=""0""\>

&nbsp;&nbsp;&nbsp;&nbsp;\<toBeDeliveredTime\>

&nbsp;&nbsp;&nbsp;&nbsp;&nbsp;&nbsp;&nbsp;&nbsp;\<min\>25\</min\>

&nbsp;&nbsp;&nbsp;&nbsp;&nbsp;&nbsp;&nbsp;&nbsp;\<max\>30\</max\>

&nbsp;&nbsp;&nbsp;&nbsp;\</toBeDeliveredTime\>

\</response\>","0"
"12V-54","Наталья Соловьева, 12 поток, Venus","Звезда,Sprint7","При отправке отрицательного веса в запросе на доставку ""Привезем быстро"" /fast-delivery/v3.1.1/calculate-delivery.xml приходит ответ 200 OK","root","28 Sep 2023 22:06","28 Sep 2023 22:09",,"Обычная","Ошибка","Зарегистрирована","Нет исполнителя","Нет подсистемы","Нет версии исправления","Неизвестно","Следующая сборка","Окружение: адрес сервера \<<https://8112b454-03e0-458d-b557-df4a3602a59e.serverhub.praktikum-services.ru>\> 

Шаги воспроизведения:

Отправить POST запрос на доставку ""Привезем быстро"" /fast-delivery/v3.1.1/calculate-delivery.xml

В теле указать: 

\<InputModel\>

&nbsp;&nbsp;&nbsp;&nbsp;\<productsCount\>2\</productsCount\>

&nbsp;&nbsp;&nbsp;&nbsp;\<productsWeight\>-0.1\</productsWeight\>

&nbsp;&nbsp;&nbsp;&nbsp;\<deliveryTime\>20\</deliveryTime\>

\</InputModel\>

ОР: Код и статус ответа 400 Bad Request

ФР: 200 OK

\<response name=""Привезём быстро"" isItPossibleToDeliver=""true"" hostDeliveryCost=""23"" clientDeliveryCost=""0""\>

&nbsp;&nbsp;&nbsp;&nbsp;\<toBeDeliveredTime\>

&nbsp;&nbsp;&nbsp;&nbsp;&nbsp;&nbsp;&nbsp;&nbsp;\<min\>25\</min\>

&nbsp;&nbsp;&nbsp;&nbsp;&nbsp;&nbsp;&nbsp;&nbsp;\<max\>30\</max\>

&nbsp;&nbsp;&nbsp;&nbsp;\</toBeDeliveredTime\>

\</response\>","0"
"12V-51","Наталья Соловьева, 12 поток, Venus","Звезда,Sprint7","При отправке отрицательного количества в запросе на доставку ""Привезем быстро""  /fast-delivery/v3.1.1/calculate-delivery.xml приходит ответ 200 OK","root","28 Sep 2023 21:40","28 Sep 2023 21:40",,"Обычная","Ошибка","Зарегистрирована","Нет исполнителя","Нет подсистемы","Нет версии исправления","Неизвестно","Следующая сборка","**Окружение**\: адрес сервера <https://8112b454-03e0-458d-b557-df4a3602a59e.serverhub.praktikum-services.ru> 

**Шаги воспроизведения:** 

Отправить POST запрос на доставку ""Привезем быстро"" /fast-delivery/v3.1.1/calculate-delivery.xml

В теле указать: 

\<InputModel\>

&nbsp;&nbsp;&nbsp;&nbsp;\<productsCount\>-1\</productsCount\>

&nbsp;&nbsp;&nbsp;&nbsp;\<productsWeight\>1\</productsWeight\>

&nbsp;&nbsp;&nbsp;&nbsp;\<deliveryTime\>20\</deliveryTime\>

\</InputModel\>

**ОР:** Код и статус ответа 400 Bad Request

**ФР:** 200 OK

\<response name=""Привезём быстро"" isItPossibleToDeliver=""true"" hostDeliveryCost=""23"" clientDeliveryCost=""0""\>

&nbsp;&nbsp;&nbsp;&nbsp;\<toBeDeliveredTime\>

&nbsp;&nbsp;&nbsp;&nbsp;&nbsp;&nbsp;&nbsp;&nbsp;\<min\>25\</min\>

&nbsp;&nbsp;&nbsp;&nbsp;&nbsp;&nbsp;&nbsp;&nbsp;\<max\>30\</max\>

&nbsp;&nbsp;&nbsp;&nbsp;\</toBeDeliveredTime\>

\</response\>","0"
"12V-48","Наталья Соловьева, 12 поток, Venus","Звезда,Sprint6","Не открывается окно карточки станции с кнопками «Отсюда» и «Сюда» при нажатии на станцию при помощи лонг-тапа","root","28 Aug 2023 18:08","28 Aug 2023 22:37",,"Обычная","Ошибка","Зарегистрирована","Нет исполнителя","Нет подсистемы","Нет версии исправления","Неизвестно","Следующая сборка","**Предусловие**\: установлено мобильное приложение Яндекс Метро, сборка для Android v 3.6, выбран город Санкт-Петербург

**Шаги воспроизведения:**

1\. Установить в настройках чек-бокс ""Выбирать станции касанием""

2\. При помощи лонг-тапа нажать на станцию ""Горьковская""

   **ОР:** После нажатия при помощи лонг-тапа на станцию отображается карточка станции с кнопками «Отсюда» и «Сюда». При этом схема остаётся в том же положении, которое выбрал пользователь

   **ФР:** После нажатия при помощи лонг-тапа на станцию отображается карточка станции без кнопок «Отсюда» и «Сюда». При этом схема остаётся в том же положении, которое выбрал пользователь

   **Окружение:** Honor 8, ОС Android 9.0 Pie, разрешение экрана 1080х1920, диагональ 5.5. Тестирование проводилось на эмуляторе Android Studio","0"
"12V-50","Наталья Соловьева, 12 поток, Venus","Звезда,Sprint6","Новые станции не отображаются на первом и втором месте в истории маршрута при наличии трех станций в истории до построения маршрута","root","28 Aug 2023 22:01","28 Aug 2023 22:03",,"Обычная","Ошибка","Зарегистрирована","Нет исполнителя","Нет подсистемы","Нет версии исправления","Неизвестно","Следующая сборка","**Предусловие:** установлено мобильное приложение Яндекс Метро, сборка для Android v 3.6, выбран город Санкт-Петербург, в истории маршрута в списке станций есть три станции

**Шаги воспроизведения:**

1\. Ввести в поле Откуда названии станции “Спортивная”

2\. Ввести в поле Куда название станции “Садовая”

   **ОР:** После ввода новых станций построится маршрут, маршрут отобразится в истории, на первом месте в списке станций отобразится станция из поля Откуда, на втором месте в списке станций отобразится станция из поля Куда

   **ФР:** После ввода новых станций построился маршрут, маршрут отобразился в истории, на первом месте в списке станций не отобразилась станция из поля Откуда, на втором месте в списке станций не отобразилась станция из поля Куда

   **Окружение:** Honor 8, ОС Android 9.0 Pie, разрешение экрана 1080х1920, диагональ 5.5. Тестирование проводилось на эмуляторе Android Studio","0"
"12V-49","Наталья Соловьева, 12 поток, Venus","Звезда,Sprint6","Новые станции не отображаются на первом и втором месте в истории маршрута при наличии двух станций в истории до построения маршрута","root","28 Aug 2023 21:59","28 Aug 2023 22:00",,"Обычная","Ошибка","Зарегистрирована","Нет исполнителя","Нет подсистемы","Нет версии исправления","Неизвестно","Следующая сборка","**Предусловие:** установлено мобильное приложение Яндекс Метро, сборка для Android v 3.6, выбран город Санкт-Петербург, в истории маршрута в списке станций есть две станции

**Шаги воспроизведения:**

1. Ввести в поле Откуда названии станции “Спортивная”

2. Ввести в поле Куда название станции “Садовая”

   **ОР:** После ввода новых станций построится маршрут, маршрут отобразится в истории, на первом месте в списке станций отобразится станция из поля Откуда, на втором месте в списке станций отобразится станция из поля Куда

   **ФР:** После ввода новых станций построился маршрут, маршрут отобразился в истории, на первом месте в списке станций не отобразилась станция из поля Откуда, на втором месте в списке станций не отобразилась станция из поля Куда

   **Окружение:** Honor 8, ОС Android 9.0 Pie, разрешение экрана 1080х1920, диагональ 5.5. Тестирование проводилось на эмуляторе Android Studio","0"
"12V-47","Наталья Соловьева, 12 поток, Venus","Звезда,Sprint6","При выборе английского языка в настройках часть элементов приложения отображается на русском языке","root","28 Aug 2023 17:51","28 Aug 2023 18:01",,"Обычная","Ошибка","Зарегистрирована","Нет исполнителя","Нет подсистемы","Нет версии исправления","Неизвестно","Следующая сборка","**Предусловие:** установлено мобильное приложение Яндекс Метро, сборка для Android v 3.6, выбран город Санкт-Петербург

**Шаги воспроизведения:**

1\. Установить в настройках английский язык

2\. Ввести в поле Откуда название станции ""Василеостровская""

3\. Ввести в поле Куда название станции ""Спортивная""

   **ОР:** Все элементы на карте, карточке маршрута, в полях ввода Куда, Откуда отображаются на английском языке

   **ФР:** Часть элементов в карточке маршрута отображаются на русском языке

   **Окружение:** Honor 8, ОС Android 9.0 Pie, разрешение экрана 1080х1920, диагональ 5.5. Тестирование проводилось на эмуляторе Android Studio","0"
"12V-46","Наталья Соловьева, 12 поток, Venus","Звезда,Sprint6","Не обновляется временной интервал маршрута","root","28 Aug 2023 17:14","28 Aug 2023 17:26",,"Обычная","Ошибка","Зарегистрирована","Нет исполнителя","Нет подсистемы","Нет версии исправления","Неизвестно","Следующая сборка","**Предусловие:** установлено мобильное приложение Яндекс Метро, сборка для Android v 3.6, выбран город Санкт-Петербург

**Шаги воспроизведения:**

1\. Установить время на эмуляторе 19:55

2\. Ввести в поле Откуда название станции ""Василеостровская""

3\. Ввести в поле Куда название станции ""Спортивная""

4\. Проверить, что отобразился маршрут с временным интервалом

5\. Установить время на эмуляторе 18:00

   **ОР:** Временной интервал изменился после изменения времени на эмуляторе

   **ФР:** Временной интервал не изменился после изменения времени на эмуляторе

   **Окружение:** Honor 8, ОС Android 9.0 Pie, разрешение экрана 1080х1920, диагональ 5.5. Тестирование проводилось на эмуляторе Android Studio","0"
"12V-45","Наталья Соловьева, 12 поток, Venus","Звезда,Sprint6","Не меняется тема в зависимости от времени в режиме Автоматически","root","28 Aug 2023 16:28","28 Aug 2023 16:31",,"Обычная","Ошибка","Зарегистрирована","Нет исполнителя","Нет подсистемы","Нет версии исправления","Неизвестно","Следующая сборка","**Предусловие:** установлено мобильное приложение Яндекс Метро, сборка для Android v 3.6, выбран город Санкт-Петербург

**Шаги воспроизведения:**

1. Выбрать в настройках Автоматически в разделе Темная тема

2. Установить время на эмуляторе 19:55

3. Проверить, что на экране отображается тема темная

   **ОР:** На экране отображается темная тема

   **ФР:** На экране не отображается темная тема

   **Окружение:** Honor 8, ОС Android 9.0 Pie, разрешение экрана 1080х1920, диагональ 5.5. Тестирование проводилось на эмуляторе Android Studio","0"
"12V-40","Наталья Соловьева, 12 поток, Venus","Звезда,Sprint6","Некорректное отображение списка станций в истории маршрута","root","26 Aug 2023 14:17","26 Aug 2023 20:21",,"Обычная","Ошибка","Зарегистрирована","Нет исполнителя","Нет подсистемы","Нет версии исправления","Неизвестно","Следующая сборка","**Предусловие:** установлено мобильное приложение Яндекс Метро, сборка для Android v 3.6, выбран город Санкт-Петербург, построен маршрут между станциями Василеостровская и Приморская

**Шаги воспроизведения:**

| 1 | Ввести в поле Откуда название станции “Обухово“ |
| --- | --- |
| 2 | Ввести в поле Куда название станции “Удельная“ |
| 3 | После отображения информации о маршруте Обухово-Удельная кликнуть по полю Откуда |
| 4 | Проверить в Истории, что станция “Удельная” отображается первой в списке, а станция “Василеостровская” - последней |

**ОР:** После построения нового маршрута в истории новые станции расположены сверху, а станция, которая была первой в списке становится последней

**ФР:** После построения нового маршрута в истории новая станция не отображается сверху, а станция, которая была первой в списке становится последней

**Окружение:** Honor 8, ОС Android 9.0 Pie, разрешение экрана 1080х1920, диагональ 5.5. Тестирование проводилось на эмуляторе Android Studio","0"
"12V-44","Наталья Соловьева, 12 поток, Venus","Звезда,Sprint6","Некорректное отображение полей Откуда и Куда при альбомной ориентации экрана","root","26 Aug 2023 15:39","26 Aug 2023 15:45",,"Обычная","Ошибка","Зарегистрирована","Нет исполнителя","Нет подсистемы","Нет версии исправления","Неизвестно","Следующая сборка","**Предусловие:** установлено мобильное приложение Яндекс Метро, сборка для Android v 3.6, выбран город Санкт-Петербург, ориентация экрана - портретная

**Шаги воспроизведения:**

1 В поле Откуда ввести название станции “Василеостровская” 

2  В поле Куда ввести название станции “Приморская“ 

3  Изменить ориентацию экрана на горизрнтальную 

**ОР:** После перехода из портретной ориентации в альбомную поля ввода Откуда и Куда отображаются в левой части экрана 

**ФР:** После перехода из портретной ориентации в альбомную полей ввода Откуда и Куда поворота изображения не происходит

**Окружение:** Honor 8, ОС Android 9.0 Pie, разрешение экрана 1080х1920, диагональ 5.5. Тестирование проводилось на эмуляторе Android Studio","0"
"12V-39","Наталья Соловьева, 12 поток, Venus","Звезда,Sprint6","Некорректное отображение деталей маршрута при альбомной ориентации экрана","root","26 Aug 2023 13:53","26 Aug 2023 15:33",,"Обычная","Ошибка","Зарегистрирована","Нет исполнителя","Нет подсистемы","Нет версии исправления","Неизвестно","Следующая сборка","**Предусловие:** установлено мобильное приложение Яндекс Метро, сборка для Android v 3.6, выбран город Санкт-Петербург, ориентация экрана - портретная

**Шаги воспроизведения:**

| 1 | В поле Откуда ввести наименование станции “Василеостровская” |
| --- | --- |
| 2 | В поле Куда ввести наименование станции “Приморская” |
| 3 | После построения маршрута тапнуть по ссылке Детали маршрута |
| 4 | Поменять ориентацию экрана на горизонтальную |

**ОР:** При смене ориентации с портретной на ландшафтную детали маршрута отображаются в левой части экрана

**ФР:** После перехода из портретной ориентации в альбомную деталей маршрута поворота изображения не происходит

**Окружение:** Honor 8, ОС Android 9.0 Pie, разрешение экрана 1080х1920, диагональ 5.5. Тестирование проводилось на эмуляторе Android Studio","0"
"12V-38","Наталья Соловьева, 12 поток, Venus","Звезда,Sprint6","Некорректное отображение карточки маршрута при альбомной ориентации экрана","root","26 Aug 2023 13:44","26 Aug 2023 15:30",,"Обычная","Ошибка","Зарегистрирована","Нет исполнителя","Нет подсистемы","Нет версии исправления","Неизвестно","Следующая сборка","**Предусловие:** установлено мобильное приложение Яндекс Метро, сборка для Android v 3.6, выбран город Санкт-Петербург, ориентация экрана - портретная

**Шаги воспроизведения:**

| 1 | В поле Откуда ввести название станции “Василеостровская” |
| --- | --- |
| 2 | В поле Куда ввести название станции “Приморская“ |
| 3 | После построения маршрута изменить ориентацию экрана на горизрнтальную |

**ОР:** После перехода из портретной ориентации в альбомную карточка маршрута отображается в левой части экрана по центру, а поля ввода Откуда и Куда под ней

**ФР:** После перехода из портретной ориентации в альбомную карточки маршрута поворота изображения не происходит

**Окружение:** Honor 8, ОС Android 9.0 Pie, разрешение экрана 1080х1920, диагональ 5.5. Тестирование проводилось на эмуляторе Android Studio","0"
"12V-37","Наталья Соловьева, 12 поток, Venus","Звезда,Sprint6","Некорректное отображение карточки станции при альбомной ориентации экрана","root","26 Aug 2023 13:41","26 Aug 2023 15:29",,"Обычная","Ошибка","Зарегистрирована","Нет исполнителя","Нет подсистемы","Нет версии исправления","Неизвестно","Следующая сборка","**Предусловие:** установлено мобильное приложение Яндекс Метро, сборка для Android v 3.6, выбран город Санкт-Петербург, ориентация экрана - портретная

**Шаги воспроизведения:**

| 1 | Нажать на карте с помощью лонг-тапа на станцию “Василеостровская” |
| --- | --- |
| 2 | После отображения карточки станции изменить ориентацию экрана на горизонтальную |

**ОР:** После перехода из портретной ориентации в альбомную карточка станции отображается в левой части экрана, по центру карточки расположены кнопки Отсюда и Сюда, под ними - кнопка Показать выходы

**ФР**\: После перехода из портретной ориентации в альбомную карточки станции поворота изображения не происходит

**Окружение:** Honor 8, ОС Android 9.0 Pie, разрешение экрана 1080х1920, диагональ 5.5. Тестирование проводилось на эмуляторе Android Studio","0"
"12V-41","Наталья Соловьева, 12 поток, Venus","Звезда,Sprint6","Не отображается карточка станции после тапа по ней на карте, которая была выбрана ранее","root","26 Aug 2023 14:25","26 Aug 2023 15:28",,"Обычная","Ошибка","Зарегистрирована","Нет исполнителя","Нет подсистемы","Нет версии исправления","Неизвестно","Следующая сборка","**Предусловие:** установлено мобильное приложение Яндекс Метро, сборка для Android v 3.6

**Шаги воспроизведения:**

| 1 | Перейти в раздел Настройки |
| --- | --- |
| 2 | Включить чек-бокс “Выбор станции касанием”, если он был выключен |
| 3 | Выбрать город Санкт-Петербург |
| 4 | Выйти из раздела настроек на главную страницу |
| 5 | Нажать с помощью тапа на карте станцию Василеостровская |

**ОР:** После нажатия на станцию с помощью тапа на карте, которая была выбрана ранее, всплывает её карточка

**ФР:** После нажатия на станцию с помощью тапа на карте, которая была выбрана ранее, не всплывает её карточка

**Окружение:** Honor 8, ОС Android 9.0 Pie, разрешение экрана 1080х1920, диагональ 5.5. Тестирование проводилось на эмуляторе Android Studio","0"
"12V-42","Наталья Соловьева, 12 поток, Venus","Звезда,Sprint6","Не отображается карточка станции после тапа по ней на карте, которая не была выбрана ранее","root","26 Aug 2023 14:27","26 Aug 2023 15:27",,"Обычная","Ошибка","Зарегистрирована","Нет исполнителя","Нет подсистемы","Нет версии исправления","Неизвестно","Следующая сборка","**Предусловие:** установлено мобильное приложение Яндекс Метро, сборка для Android v 3.6

**Шаги воспроизведения:**

| 1 | Перейти в раздел Настройки |
| --- | --- |
| 2 | Включить чек-бокс “Выбор станции касанием”, если он был выключен |
| 3 | Выбрать город Санкт-Петербург |
| 4 | Выйти из раздела настроек на главную страницу |
| 5 | Нажать с помощью тапа на карте на станцию Приморская |

**ОР:** После нажатия на станцию с помощью тапа на карте, которая не была выбрана ранее, станция выделяется и всплывает её карточка

**ФР:** После нажатия на станцию с помощью тапа на карте, которая не была выбрана ранее, станция выделяется и не всплывает её карточка

**Окружение:** Honor 8, ОС Android 9.0 Pie, разрешение экрана 1080х1920, диагональ 5.5. Тестирование проводилось на эмуляторе Android Studio","0"
"12V-43","Наталья Соловьева, 12 поток, Venus","Звезда,Sprint6","Станцию можно выбрать на карте при выключенном чек-боксе ""Выбирать станции касанием""","root","26 Aug 2023 14:50","26 Aug 2023 15:27",,"Обычная","Ошибка","Зарегистрирована","Нет исполнителя","Нет подсистемы","Нет версии исправления","Неизвестно","Следующая сборка","**Предусловие:** установлено мобильное приложение Яндекс Метро, сборка для Android v 2.13, выбран город Санкт-Петербург

**Шаги воспроизведения:**

1. Выключить чек-бокс ""Выбирать станции касанием"" в Настройках

2. Тапнуть на карте станцию Василеостровская

   **ОР:** Станцию нельзя выбрать на карте при выключенном чек-боксе ""Выбирать станции касанием""

   **ФР:** Станцию можно выбрать на карте при выключенном чек-боксе ""Выбирать станции касанием""

   **Окружение:** Honor 8, ОС Android 9.0 Pie, разрешение экрана 1080х1920, диагональ 5.5. Тестирование проводилось на эмуляторе Android Studio","0"
"12V-36","Наталья Соловьева, 12 поток, Venus","Звезда,Sprint6","Нет уведомления об ошибке при отсутствии интернет-соединения","root","26 Aug 2023 13:20","26 Aug 2023 15:26",,"Обычная","Ошибка","Зарегистрирована","Нет исполнителя","Нет подсистемы","Нет версии исправления","Неизвестно","Следующая сборка","**Предусловие:** установлено мобильное приложение Яндекс Метро, сборка для Android v 3.6, выбран город Санкт-Петербург

**Шаги Воспроизведения:**

Установить в настройках эмулятора авиарежим

**ОР:** После установки авиарежима появится уведомление об ошибке об отсутсвии интернет-соединения

**ФР:** После установки авиарежима не появляется уведомление об ошибке об отсутсвии интернет-соединения

**Окружение:** Honor 8, ОС Android 9.0 Pie, разрешение экрана 1080х1920, диагональ 5.5. Тестирование проводилось на эмуляторе Android Studio","0"
"12V-29","Наталья Соловьева, 12 поток, Venus","Звезда,sprint5","Пароль в скрытом виде не отображается на форме редактирования профиля","root","16 Jul 2023 12:08","17 Jul 2023 11:49",,"Обычная","Ошибка","Зарегистрирована","Нет исполнителя","Нет подсистемы","Нет версии исправления","Неизвестно","Следующая сборка","**Предусловие:** открыта главная страница приложения Stellar Burgers, ссылка: <https://burger-frontend-13.prakticum-team.ru/>. У пользователя создан профиль с именем: Аркадий, Логином: [gorbushkin@yandex.ru](mailto:gorbushkin@yandex.ru), паролем: gorbushkin

**Шаги воспроизведения:**

| 1 | Нажать на кнопку Личный кабинет |
| --- | --- |
| 2 | В поле Логин ввести “gorbushkin@yandex.ru” |
| 3 | В поле Пароль ввести “gorbushkin” |
| 4 | Нажать на кнопку Войти |

**ОР:** в поле Пароль отображается исходный Пароль в соответствии с Требованиями <https://wiki.yandex.ru/homepage/trebovanijakstellarburgers/> и макетами <https://www.figma.com/file/7v96lSaXZov0qXKZDnAHLT/Burger?type=design&node-id=0-1&mode=design&t=JGbzGQKAJsshQTuy-0>

**ФР:** в поле Пароль не отображается исходный Пароль

**Окружение:** Yandex v.23.5.4.674 on Windows 11 с разрешением экрана 1920х1080, Chrome Версия 114.0.5735.199 on Windows  11 c разрешением экрана 1366х768.","0"
"12V-28","Наталья Соловьева, 12 поток, Venus","Звезда,sprint5","Название поля ""E-mail"" на форме редактирования профиля не соответсвует макету и требованиям","root","16 Jul 2023 07:48","17 Jul 2023 11:48",,"Обычная","Ошибка","Зарегистрирована","Нет исполнителя","Нет подсистемы","Нет версии исправления","Неизвестно","Следующая сборка","**Предусловие:** открыта главная страница приложения Stellar Burgers, ссылка: <https://burger-frontend-13.prakticum-team.ru/>. У пользователя создан профиль с именем: Аркадий, Логином: [gorbushkin@yandex.ru](mailto:gorbushkin@yandex.ru), паролем: gorbushkin

**Шаги воспроизведения:**

| 1 | Нажать на кнопку Личный кабинет |
| --- | --- |
| 2 | В поле Логин ввести “gorbushkin@yandex.ru” |
| 3 | В поле Пароль ввести “gorbushkin” |
| 4 | Нажать на кнопку Войти |

**ОР:** Поле для ввода email называется Логин в соответствии с Требованиями <https://wiki.yandex.ru/homepage/trebovanijakstellarburgers/> и макетами <https://www.figma.com/file/7v96lSaXZov0qXKZDnAHLT/Burger?type=design&node-id=0-1&mode=design&t=JGbzGQKAJsshQTuy-0>

**ФР:** Поле для ввода email называется E-mail.

**Окружение:** Yandex v.23.5.4.674 on Windows 11 с разрешением экрана 1920х1080, Chrome Версия 114.0.5735.199 on Windows  11 c разрешением экрана 1366х768.","0"
"12V-30","Наталья Соловьева, 12 поток, Venus","Звезда,sprint5","Некорректный текст на кнопке ""Отмена"" на форме редактирования профиля","root","16 Jul 2023 12:19","17 Jul 2023 11:46",,"Обычная","Ошибка","Зарегистрирована","Нет исполнителя","Нет подсистемы","Нет версии исправления","Неизвестно","Следующая сборка","**Предусловие:** открыта главная страница приложения Stellar Burgers, ссылка: <https://burger-frontend-13.prakticum-team.ru/>. У пользователя создан профиль с именем: Аркадий, Логином: gorbushkin@yandex.ru, паролем: gorbushkin

**Шаги воспроизведения:**

| 1 | Нажать на кнопку Личный кабинет |
| --- | --- |
| 2 | В поле Логин ввести “gorbushkin@yandex.ru” |
| 3 | В поле Пароль ввести “gorbushkin” |
| 4 | Нажать на кнопку Войти |
| 5 | В поле Имя исходное значение не изменять |
| 6 | В поле Логин ввести “Gorb@yandex.ru” |
| 7 | В поле Пароль ввести “Gorb2023” |
| 8 | Нажать кнопку Отмена |

**ОР:** Текст на кнопке ""Отмена"" для отмены изменения данных, как на макете <https://www.figma.com/file/7v96lSaXZov0qXKZDnAHLT/Burger?type=design&node-id=0-1&mode=design&t=JGbzGQKAJsshQTuy-0>

**ФР:** Текст на кнопке ""Отменить"" для отмены изменения данных

**Окружение:** Yandex v.23.5.4.674 on Windows 11 с разрешением экрана 1920х1080, Chrome Версия 114.0.5735.199 on Windows  11 c разрешением экрана 1366х768.","0"
"12V-31","Наталья Соловьева, 12 поток, Venus","Звезда,sprint5","Отсутствут крестик для удаления исходных данных в режиме редактирования поля Пароль на форме редактирования профиля","root","16 Jul 2023 12:33","17 Jul 2023 11:42",,"Обычная","Ошибка","Зарегистрирована","Нет исполнителя","Нет подсистемы","Нет версии исправления","Неизвестно","Следующая сборка","**Предусловие:** открыта главная страница приложения Stellar Burgers, ссылка: <https://burger-frontend-13.prakticum-team.ru/>. У пользователя создан профиль с именем: Аркадий, Логином: пorbushkin@yandex.ru, паролем: gorbushkin

**Шаги воспроизведения:**

| 1 | Нажать на кнопку Личный кабинет |
| --- | --- |
| 2 | В поле Логин ввести “gorbushkin@yandex.ru” |
| 3 | В поле Пароль ввести “gorbushkin” |
| 4 | Нажать на кнопку Войти |
| 5 | В поле Имя исходное значение не изменять |
| 6 | В поле Логин ввести “Gorb@yandex.ru” |
| 7 | В поле Пароль ввести “Gorb2023” |
| 8 | Нажать кнопку Отмена |

**ОР:** В режиме редактирования поля Пароль можно удалить исходные данные с помощью крестика, как на макете <https://www.figma.com/file/7v96lSaXZov0qXKZDnAHLT/Burger?type=design&node-id=0-1&mode=design&t=JGbzGQKAJsshQTuy-0>

**ФР:** Исходные данные не отображаются в скрытом виде. Крестик отсутствует. Возможная серая зона: в поле Имя и Логин тоже нет крестика. На макетах данные поля не изображаются в режиме редактирования. Как образец режима редактирования изображено поле Пароля.

**Окружение:** Yandex v.23.5.4.674 on Windows 11 с разрешением экрана 1920х1080, Chrome Версия 114.0.5735.199 on Windows  11 c разрешением экрана 1366х768.","0"
"12V-32","Наталья Соловьева, 12 поток, Venus","Звезда,sprint5","Некорректный текст об ошибке под полем Логин на форме редактирования профиля. Поле не подсвечивается красным","root","16 Jul 2023 12:49","17 Jul 2023 11:40",,"Обычная","Ошибка","Зарегистрирована","Нет исполнителя","Нет подсистемы","Нет версии исправления","Неизвестно","Следующая сборка","**Предусловие:** открыта главная страница приложения Stellar Burgers, ссылка: <https://burger-frontend-13.prakticum-team.ru/>. У пользователя создан профиль с именем: Аркадий, Логином: [gorbushkin@yandex.ru](mailto:gorbushkin@yandex.ru), паролем: gorbushkin

**Шаги воспроизведения:**

| 1 | Нажать на кнопку Личный кабинет |
| --- | --- |
| 2 | В поле Логин ввести “gorbushkin@yandex.ru” |
| 3 | В поле Пароль ввести “gorbushkin” |
| 4 | В поле Имя исходное значение не менять |
| 5 | В поле Логин ввести “Горбушкин@yandex.ru” |
| 6 | В поле пароль ввести “G2023” |
| 7 | Нажать кнопку Сохранить |

**ОР:** После нажатия кнопки «Сохранить» поле с некорректно введёнными данными подсвечиваются красным, сохранения данных не происходит. Под полем Логин появляется текст ошибки: «Некорректный e-mail»

**ФР:** После нажатия кнопки «Сохранить» поле с некорректно введёнными данными не подсвечиваются красным, сохранения данных не происходит. Под полем Логин появляется другой текст ошибки: «Часть адреса до @ не может содержать Г»

**Окружение:** Yandex v.23.5.4.674 on Windows 11 с разрешением экрана 1920х1080, Chrome Версия 114.0.5735.199 on Windows  11 c разрешением экрана 1366х768.","0"
"12V-33","Наталья Соловьева, 12 поток, Venus","Звезда,sprint5","Отсутствует сообщение об ошибке при вводе некорректных данных в поле Пароль на форме редактирования профиля. Поле не подсвечивается красным","root","16 Jul 2023 12:56","17 Jul 2023 11:35",,"Обычная","Ошибка","Зарегистрирована","Нет исполнителя","Нет подсистемы","Нет версии исправления","Неизвестно","Следующая сборка","**Предусловие:** открыта главная страница приложения Stellar Burgers, ссылка: <https://burger-frontend-13.prakticum-team.ru/>. У пользователя создан профиль с именем: Аркадий, Логином: gorbushkin@yandex.ru, паролем: gorbushkin

**Шаги воспроизведения:**

| 1 | Нажать на кнопку Личный кабинет |
| --- | --- |
| 2 | В поле Логин ввести “gorbushkin@yandex.ru” |
| 3 | В поле Пароль ввести “gorbushkin” |
| 4 | В поле Имя исходное значение не менять |
| 5 | В поле Логин ввести “Горбушкин@yandex.ru” |
| 6 | В поле пароль ввести “G2023” |
| 7 | Нажать кнопку Сохранить |

**ОР:** После нажатия кнопки «Сохранить» поле с некорректно введёнными данными подсвечиваются красным, сохранения данных не происходит. Под полем Пароль появляется текст ошибки: «Некорректный пароль».

**ФР:** После нажатия кнопки «Сохранить» поле с некорректно введёнными данными не подсвечиваются красным, сохранения данных происходит. Под полем Пароль не появляется текста об ошибке

**Окружение:** Yandex v.23.5.4.674 on Windows 11 с разрешением экрана 1920х1080, Chrome Версия 114.0.5735.199 on Windows  11 c разрешением экрана 1366х768.","0"
"12V-34","Наталья Соловьева, 12 поток, Venus","Звезда,sprint5","Отсутствует сообщение об ошибке при вводе некорректных данных в поле Имя на форме редактирования профиля. Поле не подсвечивается красным","root","17 Jul 2023 07:49","17 Jul 2023 11:33",,"Обычная","Ошибка","Зарегистрирована","Нет исполнителя","Нет подсистемы","Нет версии исправления","Неизвестно","Следующая сборка","**Предусловие:** открыта главная страница приложения Stellar Burgers, ссылка: <https://burger-frontend-13.prakticum-team.ru/>. У пользователя создан профиль с именем: Аркадий, Логином: gorbushkin@yandex.ru, паролем: gorbushkin

**Шаги воспроизведения:**

| 1 | Нажать на кнопку Личный кабинет |
| --- | --- |
| 2 | В поле Логин ввести “gorbushkin@yandex.ru” |
| 3 | В поле пароль ввести “Gorb2023” |
| 4 | Нажать на кнопку Войти |
| 5 | Ввести в поле Имя “12345” |
| 6 | Ввести в поле Логин “Горб@yandex.ru” |
| 7 | Не изменять значение поля Пароль |
| 8 | Нажать на кнопку Сохранить |

**ОР:** После нажатия кнопки «Сохранить» поле с некорректно введёнными данными подсвечиваются красным, сохранения данных не происходит. Под полем Имя появляется текст ошибки: «Некорректное имя».

**ФР:** После нажатия кнопки «Сохранить» поле с некорректно введёнными данными не подсвечиваются красным, сохранения данных происходит. Под полем Имя не появляется текст об ошибке

**Окружение:** Yandex v.23.5.4.674 on Windows 11 с разрешением экрана 1920х1080, Chrome Версия 114.0.5735.199 on Windows  11 c разрешением экрана 1366х768.","0"
"12V-35","Наталья Соловьева, 12 поток, Venus","Звезда,sprint5","Сохранение профиля с удаленными данными в полях Имя и пароль на форме Редактирование профиля","root","17 Jul 2023 09:22","17 Jul 2023 11:31",,"Обычная","Ошибка","Зарегистрирована","Нет исполнителя","Нет подсистемы","Нет версии исправления","Неизвестно","Следующая сборка","**Предусловие:** открыта главная страница приложения Stellar Burgers, ссылка: <https://burger-frontend-13.prakticum-team.ru/>. У пользователя создан профиль с именем: Аркадий, Email-ом: [gorbushkin@yandex.ru](mailto:Gorbushkin@yandex.ru), паролем: Gorb2023

| 1 | Нажать на кнопку Личный кабинет |
| --- | --- |
| 2 | В поле email ввести “gorbushkin@yandex.ru” |
| 3 | В поле пароль ввести “Gorb2023” |
| 4 | Нажать на кнопку Войти |
| 5 | Удалить исходное значение из поля Имя |
| 6 | Не изменять исходное значение в поле Логин |
| 7 | Удалить исходное значение в поле Пароль |
| 8 | Нажать кнопку Сохранить |

**ОР:** После нажатия кнопки «Сохранить» поля с некорректно введёнными данными подсвечиваются красным, сохранения данных не происходит. Под полем Имя появляется текст ошибки: «Некорректное имя».Под полем Пароль появляется текст ошибки: «Некорректный пароль».

**ФР:** После нажатия кнопки «Сохранить» поля с некорректно введёнными данными не подсвечиваются красным, сохранения данных не происходит. Под полем Имя не появляется текст ошибки: «Некорректное имя».Под полем Пароль не появляется текст ошибки: «Некорректный пароль».  Внизу формы появляется текст на английском языке ""Token is invalid""

**Окружение:** Yandex v.23.5.4.674 on Windows 11 с разрешением экрана 1920х1080, Chrome Версия 114.0.5735.199 on Windows  11 c разрешением экрана 1366х768.","0"
"12V-23","Наталья Соловьева, 12 поток, Venus","Звезда,Sprint4","Наименование ""Аэротакси"" не отображается на панели результата","root","9 Jul 2023 12:08","10 Jul 2023 23:46",,"Обычная","Ошибка","Зарегистрирована","Нет исполнителя","Нет подсистемы","Нет версии исправления","Неизвестно","Следующая сборка","Предусловие: открыта главная страница ЯМ, ссылка <https://1a28831e-92c0-4206-8768-efb9d5388383.serverhub.praktikum-services.ru/>

Шаги воспроизведения:

1. Ввести адрес в поле ""Откуда"": ""Зубовский бульвар, 37

2. Ввести адрес в поле ""Куда"": ""Фрунзенская набережная, 46""

3. Выбрать режим ""Свой""

4. Выбрать вид транспорта ""Аэротакси""

   ОР: ""Аэротакси \~ 3000 руб.

   &nbsp;&nbsp;&nbsp;&nbsp;&nbsp;&nbsp;&nbsp;В пути 6 мин""

   ФР: ""undefine \~ 3000 руб.

   &nbsp;&nbsp;&nbsp;&nbsp;&nbsp;&nbsp;&nbsp;В пути 6 мин""

   Окружение: Chrome Версия 114.0.5735.199 on Windows 10","0"
"12V-17","Наталья Соловьева, 12 поток, Venus","Звезда,Sprint4","Данные карты не отображаются на форме бронирования каршеринга после выбора карты на форме ""Способ оплаты""","root","8 Jul 2023 12:46","10 Jul 2023 23:44",,"Обычная","Ошибка","Зарегистрирована","Нет исполнителя","Нет подсистемы","Нет версии исправления","Неизвестно","Следующая сборка","**Предусловие**\: открыта главная страница ЯМ: <https://41f2a84b-4ecc-483a-b693-8de1c0013f2a.serverhub.praktikum-services.ru/>

**Шаги воспроизведения:**

| 1 | В поле “Откуда” ввести “Зубовский бульвар, 37” |
| --- | --- |
| 2 | В поле “Куда” ввести “Фрунзенская набережная, 46” |
| 3 | Выбрать режим “Свой” |
| 4 | Выбрать вид транспорта “Каршеринг” |
| 5 | Нажать кнопку “Заказать” |
| 6 | Нажать на кнопку “Способ оплаты” |
| 7 | В поле “Номер” ввести “111122223333” |
| 8 | В поле “Код” ввести “11” |
| 9 | Нажать на кнопку “Привязать” |
| 10 | Нажать на крестик |

**ОР:** Карта сохраняется в списке карт на форме Способа оплаты. После автоматического или ручного выбора карты и нажатия крестика отображается форма бронирования каршеринга, поле Способ оплаты заполнено данными выбранной карты

**ФР:** Карта сохраняется в списке карт на форме Способа оплаты. После автоматического или ручного выбора карты и нажатия крестика отображается форма бронирования каршеринга, поле Способ оплаты пустое

**Окружение:** FireFox v. 115.0.1 on Windows 10 c разрешением экрана 1920х1080, Yandex v.23.5.4.674 on Windows 10 с разрешением экрана 800х600","0"
"12V-18","Наталья Соловьева, 12 поток, Venus","Звезда,Sprint4","Не корректный текст на кнопке сообщения о проверке прав: вместо “Понятно”  отображается “Принято” на форме сообщения о проверке прав","root","8 Jul 2023 12:56","10 Jul 2023 23:44",,"Обычная","Ошибка","Зарегистрирована","Нет исполнителя","Нет подсистемы","Нет версии исправления","Неизвестно","Следующая сборка","**Предусловие:** открыта главная страница ЯМ, ссылка: <https://41f2a84b-4ecc-483a-b693-8de1c0013f2a.serverhub.praktikum-services.ru/>

**Шаги воспроизведения:**

| 1 | В поле “Откуда” ввести “Зубовский бульвар, 37 |
| --- | --- |
| 2 | В поле “Куда” ввести “Фрунзенская набережная, 46” |
| 3 | Выбрать режим “Свой” |
| 4 | Выбрать вид транспорта “Каршеринг” |
| 5 | Нажать кнопку “Заказать” |
| 6 | Нажать кнопку “Добавить права” |
| 7 | В поле “Имя” ввести “Аркадий” |
| 8 | В поле “Фамилия” ввести “Горбушкин” |
| 9 | В поле “Дата рождения” ввести “22,11.1976 |
| 10 | В поле “Номер” ввести 1234123456 |
| 11 | Нажать кнопку “Добавить” |
| 12 | Нажать кнопку “Понятно” |

**ОР:** Текст на кнопке ""Понятно""

**ФР:** текст на кнопке ""Принято""

**Окружение:** FireFox v. 115.0.1 on Windows 10 c разрешением экрана 1920х1080, Yandex v.23.5.4.674 on Windows 10 с разрешением экрана 800х600","0"
"12V-16","Наталья Соловьева, 12 поток, Venus","Звезда,Sprint4","Кнопка ""Привязать"" на форме добавления карты после заполнения всех обязательных полей не активна","root","8 Jul 2023 12:32","10 Jul 2023 23:43",,"Обычная","Ошибка","Зарегистрирована","Нет исполнителя","Нет подсистемы","Нет версии исправления","Неизвестно","Следующая сборка","**Предусловие:** открыта главная страница ЯМ, ссылка <https://41f2a84b-4ecc-483a-b693-8de1c0013f2a.serverhub.praktikum-services.ru/>

**Шаги воспроизведения:**

| 1 | В поле “Откуда” ввести “Зубовский бульвар, 37” |
| --- | --- |
| 2 | В поле “Куда” ввести “Фрунзенская набережная, 46” |
| 3 | Выбрать режим “Свой” |
| 4 | Выбрать вид транспорта “Каршеринг” |
| 5 | Нажать кнопку “Заказать” |
| 6 | Нажать на кнопку “Способ оплаты” |
| 7 | Нажать на кнопку “Добавить карту” |
| 8 | В поле “Номер” ввести “111122223333” |
| 9 | В поле “Код” ввести “11” |
| 10 | Нажать на кнопку “Привязать” |

**ОР:** Кнопка ""Привязать"" активна

**ФР:** Кнопка ""Привязать"" активна только после перехода в соседнее поле

**Окружение:** FireFox v. 115.0.1 on Windows 10 c разрешением экрана 1920х1080, Yandex v.23.5.4.674 on Windows 10 с разрешением экрана 800х600","0"
"12V-15","Наталья Соловьева, 12 поток, Venus","Звезда,Sprint4","Кнопка ""Добавить"" не активна после заполнения обязательных полей на форме добавления прав","root","8 Jul 2023 11:46","10 Jul 2023 23:43",,"Обычная","Ошибка","Зарегистрирована","Нет исполнителя","Нет подсистемы","Нет версии исправления","Неизвестно","Следующая сборка","**Предусловие:** Открыта главная страница ЯМ, ссылка <https://41f2a84b-4ecc-483a-b693-8de1c0013f2a.serverhub.praktikum-services.ru/>

**Шаги воспроизведения**\:

| Р |  |
| --- | --- |
| 2 | В поле “Куда” ввести “Фрунзенская набережная, 46” |
| 3 | Выбрать режим “Свой” |
| 4 | Выбрать вид транспорта “Каршеринг” |
| 5 | Нажать кнопку “Заказать” |
| 6 | Нажать кнопку “Добавить права” |
| 7 | В поле “Имя” ввести “Аркадий” |
| 8 | В поле “Фамилия” ввести “Горбушкин” |
| 9 | В поле “Дата рождения” ввести “22,11.1976 |
| 10 | В поле “Номер” ввести 1234123456 |
| 11 | Нажать кнопку “Добавить” |

**ОР:** кнопка добавить активна

**ФР:** кнопка добавить не активна, она становится активной только после перехода в соседнее поле

**Окружение:** FireFox v. 115.0.1 on Windows 10 c разрешением экрана 1920х1080, Yandex v.23.5.4.674 on Windows 10 с разрешением экрана 800х600","0"
"12V-19","Наталья Соловьева, 12 поток, Venus","Звезда,Sprint4","После нажатия кнопки ""Отмена"" на форме добавления прав, происходит добавление прав вместо отмены","root","8 Jul 2023 12:08","10 Jul 2023 23:42",,"Обычная","Ошибка","Зарегистрирована","Нет исполнителя","Нет подсистемы","Нет версии исправления","Неизвестно","Следующая сборка","**Предусловие:** открыта главная страница ЯМ, ссылка <https://41f2a84b-4ecc-483a-b693-8de1c0013f2a.serverhub.praktikum-services.ru/>

**Шаги воспроизведения:**

| 1 | В поле “Откуда” ввести “Зубовский бульвар, 37 |
| --- | --- |
| 2 | В поле “Куда” ввести “Фрунзенская набережная, 46” |
| 3 | Выбрать режим “Свой” |
| 4 | Выбрать вид транспорта “Каршеринг” |
| 5 | Нажать кнопку “Заказать” |
| 6 | Нажать кнопку “Добавить права” |
| 7 | В поле “Имя” ввести “Аркадий” |
| 8 | В поле “Фамилия” ввести “Горбушкин” |
| 9 | В поле “Дата рождения” ввести “22.11.1976 |
| 10 | В поле “Номер” ввести “1234123456” |
| 11 | Нажать кнопку “Отмена” |

**ОР:** Отображается форма бронирования каршеринга, поле Права пустое

**ФР:** Отображается форма с сообщением о проверке прав

**Окружение:** FireFox v. 115.0.1 on Windows 10 c разрешением экрана 1920х1080, Yandex v.23.5.4.674 on Windows 10 с разрешением экрана 800х600","0"
"12V-20","Наталья Соловьева, 12 поток, Venus","Звезда,Sprint4","Недоступен крестик на форме ""Добавление прав"", из-за некорректной верстки верхняя часть формы не видна","root","8 Jul 2023 14:35","10 Jul 2023 23:41",,"Обычная","Ошибка","Зарегистрирована","Нет исполнителя","Нет подсистемы","Нет версии исправления","Неизвестно","Следующая сборка","**Предусловие:** открыта главная страница ЯМ, ссылка <https://41f2a84b-4ecc-483a-b693-8de1c0013f2a.serverhub.praktikum-services.ru/>, в браузере Yandex v. 23.5.4.674 on Windows 10 с разрешением экрана 800х600

**Шаги воспроизведения:**

| 1 | В поле “Откуда” ввести “Зубовский бульвар, 37” |
| --- | --- |
| 2 | В поле “Куда” ввести “Фрунзенская набережная, 46” |
| 3 | Выбрать режим “Свой” |
| 4 | Выбрать вид транспорта “Каршеринг” |
| 5 | Нажать кнопку “Заказать” |
| 6 | Нажать кнопку “Добавить права” |
| 7 | Поля не заполнять, нажать крестик |

**ОР:** Отображается форма бронирования каршеринга, поле Права пустое

**ФР:** Крестик не доступен

**Окружение:** Yandex v.23.5.4.674 on Windows 10 с разрешением экрана 800х600","0"
"12V-14","Наталья Соловьева, 12 поток, Venus","Звезда,Sprint4","Некорректная верстка полей адресов на главной странице Яндекс Маршрутов","root","8 Jul 2023 11:37","10 Jul 2023 23:40",,"Обычная","Ошибка","Зарегистрирована","Нет исполнителя","Нет подсистемы","Нет версии исправления","Неизвестно","Следующая сборка","**Предусловие:** открыта главная страница ЯМ, ссылка <https://41f2a84b-4ecc-483a-b693-8de1c0013f2a.serverhub.praktikum-services.ru/> в браузере FireFox v.115.0.1 on Windows 10 с разрешением экрана 1920х1080

**ОР:** Наименование полей ""Откуда"" и ""Куда"" расположены над текстом с подсказкой ввода адреса

**ФР:** Текст подсказок полей адресов ""Откуда"" и ""Куда"" перекрывает наименование полей

**Окружение:** FireFox v. 115.0.1 on Windows 10 c разрешением экрана 1920х1080","0"
"12V-21","Наталья Соловьева, 12 поток, Venus","Звезда,Sprint4","Система даёт вводить иные символы или цифры, которые не входят в диапазон требований в поле ""Номер карты"" на форме Добавления карты","root","8 Jul 2023 17:08","10 Jul 2023 23:38",,"Обычная","Ошибка","Зарегистрирована","Нет исполнителя","Нет подсистемы","Нет версии исправления","Неизвестно","Следующая сборка","**Предусловие:** открыта главная страница ЯМ, ссылка \<<https://41f2a84b-4ecc-483a-b693-8de1c0013f2a.serverhub.praktikum-services.ru/>\>

**Шаги воспроизведения:**

1. В поле “Откуда” ввести “Зубовский бульвар, 37”

2. В поле “Куда” ввести “Фрунзенская набережная, 46”

3\.  Выбрать режим “Свой”

4\.  Выбрать вид транспорта “Каршеринг”

5\.  Нажать кнопку “Заказать”

6\.  Нажать на кнопку “Способ оплаты”

7\.  Нажать на кнопку “Добавить карту”

8\.  В поле “Номер” ввести, например, “1111222233”, ""11112222333344"", ""ааааббббвввв"", ""111122@23333""

**ОР:** Символы или цифры, которые не входят в диапазон требований, система не даст ввести

**ФР:** Система дает вводить символы и цифры, которые не входят в диапазон Требований, под полем ввода появляется красный текст"" Некорректный номер""

**Окружение:** FireFox v. 115.0.1 on Windows 10 c разрешением экрана 1920х1080, Yandex v.23.5.4.674 on Windows 10 с разрешением экрана 800х600","0"
"12V-22","Наталья Соловьева, 12 поток, Venus","Звезда,Sprint4","Система даёт вводить иные символы или цифры, которые не входят в диапазон требований в поле ""Код"" на форме Добавления карты","root","8 Jul 2023 17:31","10 Jul 2023 23:37",,"Обычная","Ошибка","Зарегистрирована","Нет исполнителя","Нет подсистемы","Нет версии исправления","Неизвестно","Следующая сборка","**Предусловие:** открыта главная страница ЯМ, ссылка \\\<\<<https://41f2a84b-4ecc-483a-b693-8de1c0013f2a.serverhub.praktikum-services.ru/>\>\\\>

**Шаги воспроизведения:**

1. В поле “Откуда” ввести “Зубовский бульвар, 37”

2. В поле “Куда” ввести “Фрунзенская набережная, 46”

3\.  Выбрать режим “Свой”

4\.  Выбрать вид транспорта “Каршеринг”

5\.  Нажать кнопку “Заказать”

6\.  Нажать на кнопку “Способ оплаты”

7\.  Нажать на кнопку “Добавить карту”

8\.  В поле “Код” ввести, например, “1"", ""1111"", ""аб"", ""-1"", ""2%""

**ОР:** Символы или цифры, которые не входят в диапазон требований, система не даст ввести

Ф**Р:** Система дает вводить символы и цифры, которые не входят в диапазон Требований, под полем ввода появляется красный текст"" Неверный код""

**Окружение:** FireFox v. 115.0.1 on Windows 10 c разрешением экрана 1920х1080, Yandex v.23.5.4.674 on Windows 10 с разрешением экрана 800х600","0"
"12V-24","Наталья Соловьева, 12 поток, Venus","Звезда,Sprint4","После нажатия кнопки Отмена на форме Добавления прав не происходит переход на форму Бронирования","root","10 Jul 2023 20:19","10 Jul 2023 23:36",,"Обычная","Ошибка","Зарегистрирована","Нет исполнителя","Нет подсистемы","Нет версии исправления","Неизвестно","Следующая сборка","**Предусловие:** открыта главная страница ЯМ, ссылка : <https://d9764358-8586-45ee-886e-ae10e6f7f995.serverhub.praktikum-services.ru>

**Шаги воспроизведения:**

| 1 | Ввести в поле Откуда “Зубовский бульвар, 37 |
| --- | --- |
| 2 | Ввести в поле Куда “Фрунзенская набережная, 46” |
| 3 | Выбрать режим “Свой”, вид транспорта “Каршеринг” |
| 4 | Нажать кнопку “Забронировать” |
| 5 | Нажать на кнопку “Добавить права” |
| 6 | Ввести в поле “Имя”: “Аркадий” |
| 7 | Ввести в поле “Фамилия”: “Gorbuhkin” |
| 8 | Поле “Дата рождения” не заполнять |
| 9 | Поле “Номер” не заполнять |
| 10 | Нажать на кнопку “Отмена” |

**ОР:** Поле ""Фамилия"" подсвечивается красным, появляется текст ошибки ""Введите корректную фамилию"". После нажатия кнопки ""Отмена"" открывается окно бронирования. Поле ""Права"" пустое.

**ФР:** После нажатия кнопки Отмена на форме Добавления прав не происходит перехода на форму Бронирования

**Окружение:** FireFox v. 115.0.1 on Windows 10 c разрешением экрана 1920х1080, Yandex v.23.5.4.674 on Windows 10 с разрешением экрана 800х600","0"
"12V-26","Наталья Соловьева, 12 поток, Venus","Звезда,Sprint4","После нажатия кнопки Отмена на форме добавления прав происходит переход на форму сообщения о проверке прав, а не на форму бронирования","root","10 Jul 2023 20:47","10 Jul 2023 23:35",,"Обычная","Ошибка","Зарегистрирована","Нет исполнителя","Нет подсистемы","Нет версии исправления","Неизвестно","Следующая сборка","**Предусловие:** открыта главная страница ЯМ. Ссылка: <https://d9764358-8586-45ee-886e-ae10e6f7f995.serverhub.praktikum-services.ru/>

**Шаги воспроизведения:**

| 1 | Ввести в поле Откуда “Зубовский бульвар, 37” |
| --- | --- |
| 2 | Ввести в поле Куда “Фрунзенская набережная, 46” |
| 3 | Выбрать режим “Свой” |
| 4 | Выбрать вид транспорта “Каршеринг” |
| 5 | Нажать кнопку “Забронировать” |
| 6 | Нажать на кнопку “Добавить права” |
| 7 | Ввести в поле “Имя”: “Аркадий” |
| 8 | Ввести в поле “Фамилия”: “Горбушкин” |
| 9 | Поле “Дата рождения” не заполнять |
| 10 | Ввести в поле “Номер: ”12 34 123456” |
| 11 | Нажать кнопку “Отмена” |

**ОР:** После нажатия кнопки ""Отмена"" закрывается форма добавления прав, открывается форма бронирования. Поле ""Права"" пустое.

**ФР:** После нажатия кнопки ""Отмена"" закрывается форма добавления прав, открывается форма сообщения о проверке прав

**Окружение:** FireFox v. 115.0.1 on Windows 10 c разрешением экрана 1920х1080, Yandex v.23.5.4.674 on Windows 10 с разрешением экрана 800х600","0"
"12V-25","Наталья Соловьева, 12 поток, Venus","Звезда,Sprint4","Некорректный текст ошибки под полем Имя на форме добавления прав","root","10 Jul 2023 20:29","10 Jul 2023 23:35",,"Обычная","Ошибка","Зарегистрирована","Нет исполнителя","Нет подсистемы","Нет версии исправления","Неизвестно","Следующая сборка","**Предусловие:** открыта главная страница ЯМ. Ссылка: <https://d9764358-8586-45ee-886e-ae10e6f7f995.serverhub.praktikum-services.ru/>

**Шаги воспроизведения:**

| 1 | ввести в поле Откуда “Зубовский бульвар, 37” |
| --- | --- |
| 2 | Ввести в поле Куда “Фрунзенская набережная, 46” |
| 3 | Выбрать режим “Свой” |
| 4 | Выбрать вид транспорта “Каршеринг” |
| 5 | Нажать кнопку “Забронировать” |
| 6 | Нажать на кнопку “Добавить права” |
| 7 | Ввести в поле “Имя”: “Arkadiy” |

**ОР:** Поле ""Имя"" подсвечивается красным, появляется текст ошибки ""Введите корректное имя"".
**ФР:** Поле ""Имя"" подсвечивается красным, появляется текст ошибки ""Введите каректное имя""

**Окружение:** FireFox v. 115.0.1 on Windows 10 c разрешением экрана 1920х1080, Yandex v.23.5.4.674 on Windows 10 с разрешением экрана 800х600","0"
"12V-27","Наталья Соловьева, 12 поток, Venus","Звезда,Sprint4","Не валидное значение ""00"" в поле код на форме добавления карты система считает валидным","root","10 Jul 2023 23:18","10 Jul 2023 23:34",,"Обычная","Ошибка","Зарегистрирована","Нет исполнителя","Нет подсистемы","Нет версии исправления","Неизвестно","Следующая сборка","**Предусловие:** открыта главная страница ЯМ. Ссылка: <https://d9764358-8586-45ee-886e-ae10e6f7f995.serverhub.praktikum-services.ru/>

**Шаги воспроизведения:**

| 1 | Ввести в поле Откуда “Зубовский бульвар, 37” |
| --- | --- |
| 2 | Ввести в поле Куда “Фрунзенская набережная, 46” |
| 3 | Выбрать режим “Свой” |
| 4 | Выбрать вид транспорта “Каршеринг” |
| 5 | Нажать кнопку “Забронировать” |
| 6 | Нажать на кнопку “Способ оплаты” |
| 7 | Нажать на кнопку “Добавить карту” |
| 8 | В поле “Номер карты” ввести ""111122223333"" |
| 9 | В поле код ввести: “00“ |

**ОР:** система не позволяет вводить значение 00, кнопка Привязать не активна.

**ФР:** система позволяет вводить значение 00, кнопка Привязать активна и после нажатия добавляет карту в список карт на форме Способ оплаты

**Окружение:** FireFox v. 115.0.1 on Windows 10 c разрешением экрана 1920х1080, Yandex v.23.5.4.674 on Windows 10 с разрешением экрана 800х600","0"
"12V-12","Наталья Соловьева, 12 поток, Venus","Звезда,Sprint1","Отсутствует кнопка удаления фото в форме урны на в верхнем правом углу фото","root","4 May 2023 18:11","4 May 2023 18:24",,"Обычная","Ошибка","Открыта","Нет исполнителя","Нет подсистемы","Нет версии исправления","Неизвестно","Следующая сборка","**Предусловие:** Открыта главная страница приложения

**Ожидаемый результат:** В верхнем правом углу фото должна располагаться кнопка удаления фото в форме урны, как указывается в требованиях к приложению в п.4 (\\\<\<<https://praktikum.notion.site/Mesto-d087c5ec63cc42c99a9fc8f41e17400b>\>\\\>).

**Фактический результат:** Кнопка удаления фото в форме урны отсутствует.

**Окружение:** Windows 10, Chrom Версия 112.0.5615.138

**Приоритет:** Высокий","0"
"12V-11","Наталья Соловьева, 12 поток, Venus","Звезда,Sprint1","Отсутствует кнопка ""+"" для добавления фото","root","4 May 2023 17:42","4 May 2023 18:23",,"Обычная","Ошибка","Открыта","Нет исполнителя","Нет подсистемы","Нет версии исправления","Неизвестно","Следующая сборка","**Предусловие:** Открыта главная страница приложения

**Ожидаемый результат:** В верхней части экрана справа над фото должна располагаться кнопка ""+"" для добавления фото, как указывается в требованиях к приложению в п.2 (\<<https://praktikum.notion.site/Mesto-d087c5ec63cc42c99a9fc8f41e17400b>\>).

**Фактический результат:** Кнопка ""+"" для добавления фото отсутствует.

**Окружение:** Windows 10, Chrom Версия 112.0.5615.138

**Приоритет: Высокий**","0"
"12V-8","Наталья Соловьева, 12 поток, Venus","Звезда,Sprint1","Красный текст об ошибке не отображается при вводе числа символов больше допустимого для поля ""Занятие""","root","3 May 2023 09:01","3 May 2023 17:44",,"Обычная","Ошибка","Открыта","Нет исполнителя","Нет подсистемы","Нет версии исправления","Неизвестно","Следующая сборка","**Предусловие:** Открыто окно редактирования профиля

**Шаги Воспроизведения:**

1\. Кликнуть на строку ввода ""Занятие""

2\. Ввести “ХудожникХудожникХудожникХудожникХудожникХудожникХудожникХудожникХудожникХудожникХудожникХудожникХудожникХудожникХудожникХудожникХудожникХудожникХудожникХудожникХудожникХудожникХудожникХудожникХудожникХ”

**Ожидаемый результат:** Под полем отображается красный текст об ошибке “Недопустимое количество символов”

**Фактический результат:** Красный текст не отображается. Вместо этого обрезается количество символов до 200, как указывается в требованиях к приложению в п.п 1.6 (\<<https://praktikum.notion.site/Mesto-d087c5ec63cc42c99a9fc8f41e17400b>\>).

**Окружение:** Windows 10, Chrom Версия 112.0.5615.138

**Приоритет:** Средний","0"
"12V-7","Наталья Соловьева, 12 поток, Venus","Звезда,Sprint1","Красный текст об ошибке не отображается под полем ""Имя"" при вводе числа символов больше допустимого","root","3 May 2023 08:56","3 May 2023 17:40",,"Обычная","Ошибка","Открыта","Нет исполнителя","Нет подсистемы","Нет версии исправления","Неизвестно","Следующая сборка","**Предусловие:** Открыто окно редактирования профиля

**Шаги Воспроизведения:**

1. Кликнуть на строку ввода ""Имя""
2. Ввести “ИванИванИванИванИванИванИванИванИванИванИ”

**Ожидаемый результат:** Под полем отображается красный текст об ошибке “Недопустимое количество символов”

**Фактический результат:** Красный текст не отображается. Вместо этого обрезается количество символов до 40, как указывается в требованиях к приложению в п.п 1.6 (<https://praktikum.notion.site/Mesto-d087c5ec63cc42c99a9fc8f41e17400b>).

**Окружение:** Windows 10, Chrom Версия 112.0.5615.138

**Приоритет:** Средний","0"
"12V-5","Наталья Соловьева, 12 поток, Venus","Звезда,Sprint1","Под полем ""Имя"" другой красный текст при вводе числа символов меньше допустимого для поля ""Имя""","root","3 May 2023 08:27","3 May 2023 17:29",,"Обычная","Ошибка","Открыта","Нет исполнителя","Нет подсистемы","Нет версии исправления","Неизвестно","Следующая сборка","**Предусловие:** Открыто окно редактирования профиля

**Шаги воспроизведения:**

| 1 | Кликнуть в строку ввода ""Имя"" |
| --- | --- |
| 2 | Ввести “И” |

**Ожидаемый результат:** Под полем отображается красный текст об ошибке “Недопустимое количество символов”

**Фактический результат:** Под полем отображается красный текст об ошибке “Текст должен быть не короче 2 симв. Длина текста сейчас 1 символ ”

**Окружение:** Windows 10, Chrom Версия 112.0.5615.138

**Приоритет:** Средний","0"
"12V-6","Наталья Соловьева, 12 поток, Venus","Звезда,Sprint1","Под полем отображается другой красный текст об ошибке при вводе числа символов меньше допустимого для поля ""Занятие""","root","3 May 2023 08:32","3 May 2023 17:25",,"Обычная","Ошибка","Открыта","Нет исполнителя","Нет подсистемы","Нет версии исправления","Неизвестно","Следующая сборка","**Предусловие:** Открыто окно редактирования профиля

**Шаги воспроизведения:**

| 1 | Кликнуть в строку ввода ""Занятие"" |
| --- | --- |
| 2 | Ввести “Х” |



**Ожидаемый результат:** Под полем отображается красный текст об ошибке “Недопустимое количество символов”

**Фактический результат:** Под полем отображается красный текст об ошибке “Текст должен быть не короче 2 симв. Длина текста сейчас 1 символ ”

**Окружение:** Windows 10, Chrom Версия 112.0.5615.138

**Приоритет:** Средний","0"
"12V-9","Наталья Соловьева, 12 поток, Venus","Звезда,Sprint1","При пустом поле ""Имя"" кнопка ""Сохранить"" активна","root","3 May 2023 09:07","3 May 2023 09:35",,"Обычная","Ошибка","Открыта","Нет исполнителя","Нет подсистемы","Нет версии исправления","Неизвестно","Следующая сборка","**Предусловие:** Открыто окно редактирования профиля

**Шаги воспроизведения:** Очистить поле “Имя”

**Ожидаемый результат:** Кнопка ""Сохранить"" не активна

**Фактический результат:** Кнопка сохранить активна при пустом поле Имя

**Окружение:** Windows 10, Chrom Версия 112.0.5615.138

**Приоритет:** Средний","0"
"12V-10","Наталья Соловьева, 12 поток, Venus","Звезда,Sprint1","Автоудаление пробелов при сохранении в конце полей полей ""Имя"" и ""Занятие"" невозможно проверить","root","3 May 2023 09:32","3 May 2023 09:35",,"Незначительная","Ошибка","Открыта","Нет исполнителя","Нет подсистемы","Нет версии исправления","Неизвестно","Следующая сборка","**Предусловие:** Открыто окно редактирования профиля

**Шаги воспроизведения:**

| 1 | Кликнуть на строку ввода ""Имя"" |
| --- | --- |
| 2 | Ввести “Иван ” |
| 3 | Кликнуть на строку ввода ""Занятие"" |
| 4 | Ввести “Художник ” |
| 5 | Нажать кнопку ""Сохранить"" |

**Ожидаемый результат:** В профиле отображается имя “Иван” и занятие “Художник” без пробелов

**Фактический результат:** Невозможно проверить автоудаление пробелов, т.к. Профиль пользователя “Иван, художник” не отображается на главной странице после нажатия кнопки “Сохранить” в редактировании профиля. Отображается профиль по умолчанию “ Жак-Ив Кусто, исследователь океана”

**Окружение:** Windows 10, Chrom Версия 112.0.5615.138

**Приоритет:** Низкий","0"
"12V-2","Наталья Соловьева, 12 поток, Venus","Звезда,Sprint1","При добавлении нового профиля данные об Имени и Занятии после их сохранения не обновляются на главной странице","root","2 May 2023 21:25","3 May 2023 05:44",,"Критическая","Ошибка","Открыта","Нет исполнителя","Нет подсистемы","Нет версии исправления","Неизвестно","Следующая сборка","**Предусловие**

Открыто окно редактирования профиля

### Шаги воспроизведения

| 1 | **Кликнуть на строку ввода ""Имя""** |
| --- | --- |
| 2 | Ввести “Иван” |
| 3 | Кликнуть на строку ввода ""Занятие"" |
| 4 | Ввести “Художник” |
| 5 | Нажать кнопку “Сохранить” |



**Ожидаемый результат**\: На главной странице в профиле отображается “Иван” и “Художник”

**Фактический результат:** На главной странице отображается профиль по умолчанию (Жак-Ив Кусто, Исследователь океана)

**Окружение:** Windows 10, Chrom Версия 112.0.5615.138

**Приоритет:** Критичный","0"
"12V-3","Наталья Соловьева, 12 поток, Venus","Звезда,Sprint1","Не отображается текст с главной страницы при редактировании профиля в поле ""Занятие""","root","2 May 2023 22:01","3 May 2023 05:43",,"Серьезная","Ошибка","Открыта","Нет исполнителя","Нет подсистемы","Нет версии исправления","Неизвестно","Следующая сборка","**Предусловие:** открыта главная страница

**Шаги воспроизведения:** Нажать кнопку открытия редактирования профиля (карандаш).

**Ожидаемый результат:** В окне редактирования профиля в поле ""Занятие"" отображается текст с главной страницы.

**Фактический результат:** В окне редактирования профиля в поле ""Занятие"" ничего не отображается.

**Окружение:** Windows 10, Chrom Версия 112.0.5615.138

**Приоритет:** Высокий","0"
"12V-4","Наталья Соловьева, 12 поток, Venus","Звезда,Sprint1","Не отображается текст с главной страницы при редактировании профиля в поле ""Имя""","root","2 May 2023 22:05","3 May 2023 05:42",,"Серьезная","Ошибка","Открыта","Нет исполнителя","Нет подсистемы","Нет версии исправления","Неизвестно","Следующая сборка","**Предусловие:** открыта главная страница

**Шаги воспроизведения:** Нажать кнопку открытия редактирования профиля (карандаш).

**Ожидаемый результат:** В окне редактирования профиля в поле ""Имя"" отображается текст с главной страницы.

**Фактический результат:** В окне редактирования профиля в поле ""Имя"" ничего не отображается.

**Окружение:** Windows 10, Chrom Версия 112.0.5615.138

**Приоритет:** Высокий","0"
"12V-1","Наталья Соловьева, 12 поток, Venus","Звезда,Sprint1","Тестовый репорт","root","29 Apr 2023 18:52","29 Apr 2023 18:52",,"Обычная","Ошибка","Открыта","Нет исполнителя","Нет подсистемы","Нет версии исправления","Неизвестно","Следующая сборка","Тело репорта","0"